Journal's MAIN field,Field,Journal,Website,Publisher type,Publisher,Institution,Institution type,Country,Business model,APC Euros,Scimago Rank,Scimago Quartile,H index,PCI partner
Health,Generalist,Journal of Global Health,https://jogh.org/,Non-profit,International Society of Global Health,International Society of Global Health,Society,USA,OA,2085,1.172,"Q1 (Health Policy; Public Health, Environmental and Occupational Health)",71,No
Health,Ecology,Journal of Wildlife Diseases,https://meridian.allenpress.com/jwd,Non-profit,Wildlife Disease Association (WDA),Wildlife Disease Association (WDA),Society,,Hybrid,1403,0.443,"Q2 (Ecology; Ecology, Evolution, Behavior and Systematics)",81,No
Health,Generalist,One Health,https://www.sciencedirect.com/journal/one-health,For-profit Society-run,Elsevier,International Federation for Tropical Medicine,,Netherlands,OA,1589,1.202,"Q1 (Infectious Diseases; Public Health, Environmental and Occupational Health)",43,No
Health,Sport Science,Peer Community In Health and Movement Sciences,https://healthmovsci.peercommunityin.org/,Non-profit,Peer Community In,Peer Community In,,France,,,,,,No
Health,Infectious Diseases,Peer Community In Infections,https://infections.peercommunityin.org/,Non-profit,Peer Community In,Peer Community In,,France,,,,,,No
Health,Infectious Diseases,Plos Neglected Tropical Diseases,https://journals.plos.org/plosntds/,Non-profit,Public Library of Science (PLoS),Public Library of Science (PLoS),,USA,OA,2236,1.37,"Q1 (Infectious Diseases; Pharmacology, Toxicology and Pharmaceutics; Public Health, Environmental and Occupational Health)",172,No
Health,Infectious Diseases,Transboundary and Emerging Diseases,https://onlinelibrary.wiley.com/journal/tbed,For-profit,John Wiley & Sons,,,USA,Hybrid,3421,0.919,Q1 (Immunology and Microbiology; Medicine; Veterinary),92,No
Health,Infectious Diseases,Acta tropica,https://www.sciencedirect.com/journal/acta-tropica,For-profit,Elsevier,,,Netherlands,Hybrid,2145,0.752,Q1 (Insect Science; Veterinary),122,No
Health,Ecology,Ecohealth,https://link.springer.com/journal/10393,For-profit Society-run,Springer Nature,Nature.Health.Global,,Germany / UK,Hybrid,2220,0.546,Q2 (Ecology),76,No
Health,Infectious Diseases,Eurosurveillance,https://www.eurosurveillance.org/,Non-profit,European Union,,University/Government,EU,OA diamond,0,2.331,"Q1 (Epidemiology; Infectious Diseases; Medicine; Microbiology; Public Health, Environmental and Occupational Health; Virology)",137,No
Health,Generalist,"Evolution, Medicine, and Public Health",https://academic.oup.com/emph?login=true,University Press Society-Run,Oxford University Press (OUP),"International Society for Evolution, Medicine & Public Health",Society,UK,OA,2894,0.835,"Q1 (Ecology, Evolution, Behavior and Systematics)",36,No
Health,Infectious Diseases,"Parasites, Hosts and Diseases",https://www.parahostdis.org/index.php,Non-profit,The Korean Society for Parasitology and Tropical Medicine,The Korean Society for Parasitology and Tropical Medicine,Society,South Korea,OA,,0.403,Q3 (Infectious Diseases; Parasitology),51,No
Health,Physiology,Acta Physiologica,https://onlinelibrary.wiley.com/journal/17481716,For-profit Society-run,John Wiley & Sons,Scandinavian Physiological Society,Society,USA,Hybrid,5202,1.528,Q1 (Physiology),135,No
Health,Sport Science,Journal of Science and Medicine in Sport,https://www.sciencedirect.com/journal/journal-of-science-and-medicine-in-sport,For-profit Society-Run,Elsevier,Sports Medicine Australia (SMA); Australasian Academy of Podiatric Sports Medicine (AAPSM); Exercise and Sports Science Australia (ESSA); Australian Physiotherapy Association - Sports Physiotherapy Australia (SPA); College of Sport Psychologists (COSP); Sports Dietitians Australia (SDA); Australasian College of Sports & Exercise Physicians (ACSEP),Society,Netherlands,Hybrid,2364,1.319,"Q1 (Orthopedics and Sports Medicine; Physical Therapy, Sports Therapy and Rehabilitation; Sports Science)",133,No
Health,Sport Science,Journal of Physical Activity and Health,https://journals.humankinetics.com/view/journals/jpah/jpah-overview.xml,For-profit Society-run,Human Kinetics,International Society for Physical Activity and Health,Society,,Hybrid,2043,1.082,"Q1 (Orthopedics and Sports Medicine; Physical Therapy, Sports Therapy and Rehabilitation; Public Health, Environmental and Occupational Health)",93,No
Health,Sport Science,Human Movement Science,https://www.sciencedirect.com/journal/human-movement-science,For-profit,Elsevier,,,Netherlands,Hybrid,1910,0.614,Q2 (Biophysics; Medicine; Orthopedics and Sports Medicine),109,No
Health,Sport Science,Exercise and Sport Sciences Reviews,https://journals.lww.com/acsm-essr/pages/default.aspx,For-profit Society-run,Wolters Kluwer (Lippincott),American College of Sports Medicine (ACSM),,Netherlands / USA,Hybrid,3958,1.346,"Q1 (Orthopedics and Sports Medicine; Physical Therapy, Sports Therapy and Rehabilitation; Sports Science)",122,No
Health,Sport Science,European Journal of Sport Science,https://onlinelibrary.wiley.com/journal/15367290,For-profit Society-run,John Wiley & Sons,European College of Sport Science,,USA,Hybrid,2468,1.161,"Q1 (Medicine; Orthopedics and Sports Medicine; Physical Therapy, Sports Therapy and Rehabilitation)",87,No
Health,Sport Science,Clinical Journal of Sport Medicine,https://journals.lww.com/cjsportsmed/pages/currenttoc.aspx,For-profit,Wolters Kluwer (Lippincott),,,Netherlands / USA,,,0.72,"Q2 (Orthopedics and Sports Medicine; Physical Therapy, Sports Therapy and Rehabilitation)",121,No
Health,Sport Science,British Journal of Sports Medicine,https://bjsm.bmj.com/,Non-profit,BMJ Group,,,UK,Hybrid,4443,4.724,"Q1 (Medicine; Orthopedics and Sports Medicine; Physical Therapy, Sports Therapy and Rehabilitation; Sports Science)",241,No
Health,Sport Science,BMJ Open Sport and Exercise Medicine,https://bmjopensem.bmj.com/,Non-profit,BMJ Group,British Association of Sport & Exercise Medicine,Society,UK,OA,2103,1.33,"Q1 (Orthopedics and Sports Medicine; Physical Therapy, Sports Therapy and Rehabilitation)",51,No
Health,Sport Science,"BMC sports science, medicine and rehabilitation",https://bmcsportsscimedrehabil.biomedcentral.com/,For-profit,Springer Nature (BioMed Central),,,UK,OA,1844,0.875,"Q1 (Orthopedics and Sports Medicine; Physical Therapy, Sports Therapy and Rehabilitation; Rehabilitation)",39,No
Health,Sport Science,The American Journal of Sports Medicine,https://journals.sagepub.com/home/ajs,For-profit Society-run,Sage Publishing,American Orthopaedic Society for Sports Medicine,Society,USA,,,2.26,"Q1 (Medicine; Orthopedics and Sports Medicine; Physical Therapy, Sports Therapy and Rehabilitation; Sports Science)",277,No
Health,Physiology,Physiological Reviews,https://journals.physiology.org/journal/physrev,Non-profit,American Physiological Society,American Physiological Society,Society,USA,Hybrid,4096,12.167,Q1 (Medicine; Molecular Biology; Physiology),401,No
Health,Physiology,Physiology,https://journals.physiology.org/journal/physiologyonline,Non-profit,American Physiological Society,American Physiological Society,Society,USA,,,1.873,Q1 (Physiology),149,No
Health,Physiology,Journal of Applied Physiology,https://journals.physiology.org/journal/jappl,Non-profit,American Physiological Society,American Physiological Society,Society,USA,Hybrid,2029,1.078,Q1 (Medicine),268,No
Health,Physiology,American Journal of Physiology - Endocrinology and Metabolism,https://journals.physiology.org/journal/ajpendo,Non-profit,American Physiological Society,American Physiological Society,Society,USA,,,1.392,"Q1 (Endocrinology, Diabetes and Metabolism; Physiology)",231,No
Health,Physiology,"American Journal of Physiology - Regulatory, Integrative and Comparative Physiology",https://journals.physiology.org/journal/ajpregu,Non-profit,American Physiological Society,American Physiological Society,Society,USA,Hybrid,2722,0.945,Q2 (Physiology),198,No
Health,Physiology,Journal of Physiology,https://physoc.onlinelibrary.wiley.com/journal/14697793,For-profit Society-run,John Wiley & Sons,The Physiology Society,Society,USA,Hybrid,2697,1.715,Q1 (Physiology; Sports Science),274,No
Health,Physiology,The Journal of Physiological Sciences,https://www.sciencedirect.com/journal/the-journal-of-physiological-sciences,For-profit Society-run,Elsevier,the Physiological Society of Japan,Society,USA,OA,920,0.791,Q2 (Physiology),62,No
Health,Physiology,Journal of General Physiology,https://rupress.org/jgp,University Press Society-Run,Rockefeller University Press,Society of General Physiologists,Society,,Hybrid,3108,1.382,Q1 (Physiology),143,No
Health,Physiology,Journal of Comparative Physiology B Biochemical Systemic and Environmental Physiology,https://link.springer.com/journal/360,For-profit,Springer Nature,,,Germany / UK,Hybrid,,0.533,"Q2 (Animal Science and Zoology; Ecology, Evolution, Behavior and Systematics)",95,No
Health,Physiology,Journal of Comparative Physiology A Neuroethology Sensory Neural and Behavioral Physiology,https://link.springer.com/journal/359,For-profit,Springer Nature,,,Germany / UK,,,0.637,Q1 (Animal Science and Zoology),106,No
Health,Physiology,Journal of Breath Research,https://iopscience.iop.org/journal/1752-7163,Non-profit,Institute of Physics (IOP) Publishing,International Association for Breath Research (IABR),Society,UK,Hybrid,1808,0.863,Q2 (Pulmonary and Respiratory Medicine),70,No
Health,Physiology,Journal of Biological Rhythms,https://journals.sagepub.com/home/jbr,For-profit Society-run,Sage Publishing,Society for Research on Biological Rhythms,Society,USA,Hybrid,1603,1.2,Q1 (Physiology),118,No
Health,Physiology,International Journal of Sports Physiology and Performance,https://journals.humankinetics.com/view/journals/ijspp/ijspp-overview.xml,For-profit,Human Kinetics,,,,Hybrid,1926,1.61,"Q1 (Orthopedics and Sports Medicine; Physical Therapy, Sports Therapy and Rehabilitation; Sports Science)",102,No
Health,Physiology,High Altitude Medicine & Biology,https://liebertpub.com/loi/HAM,For-profit,Sage Publishing (Mary Ann Liebert),,,USA,Hybrid,3446,0.57,"Q2 (Medicine; Public Health, Environmental and Occupational Health)",66,No
Health,Physiology,Gut and Liver,https://www.gutnliver.org/main.html,Non-profit,Korean Society of Gastroenterology; the Korean Society of Gastrointestinal Endoscopy; the Korean Society of Neurogastroenterology and Motility; the Korean College of Helicobacter and Upper Gastrointestinal Research; the Korean Association for the Study of Intestinal Diseases; the Korean Association for the Study of the Liver; the Korean Pancreatobiliary Association; the Korean Society of Gastrointestinal Cancer Researh,Korean Society of Gastroenterology; the Korean Society of Gastrointestinal Endoscopy; the Korean Society of Neurogastroenterology and Motility; the Korean College of Helicobacter and Upper Gastrointestinal Research; the Korean Association for the Study of Intestinal Diseases; the Korean Association for the Study of the Liver; the Korean Pancreatobiliary Association; the Korean Society of Gastrointestinal Cancer Researh,Society,"Korea, Republic of",OA,,1.344,Q1 (Gastroenterology; Hepatology),67,No
Health,Physiology,npj Gut and Liver,https://www.nature.com/npjgutliver/,For-profit,Springer Nature,,,UK,Hybrid,2390,,,,No
Health,Physiology,Gut,https://gut.bmj.com/,Non-profit,BMJ Group,,,UK,Hybrid,3433,8.874,Q1 (Gastroenterology),364,No
Health,Physiology,Digestion,https://karger.com/dig,For-profit,Karger Publishers,,,Switzerland,,,1.111,Q1 (Gastroenterology),92,No
Health,Physiology,Experimental Physiology,https://physoc.onlinelibrary.wiley.com/journal/1469445x,For-profit Society-run,John Wiley & Sons,The Physiology Society,Society,USA,OA,2287,0.842,Q2 (Nutrition and Dietetics; Physiology),119,No
Health,Physiology,European Respiratory Review,https://publications.ersnet.org/content/errev,Non-profit,European Respiratory Society (ERS),,,UK,OA,1133,3.005,Q1 (Pulmonary and Respiratory Medicine),103,No
Health,Physiology,ERJ Open Research,https://publications.ersnet.org/content/erjor,Non-profit,European Respiratory Society (ERS),,,UK,OA,580,1.367,Q1 (Pulmonary and Respiratory Medicine),52,No
Health,Physiology,European Respiratory Journal,https://publications.ersnet.org/content/erj,Non-profit,European Respiratory Society (ERS),,,,Hybrid,2326,4.502,Q1 (Medicine; Pulmonary and Respiratory Medicine),299,No
Health,Physiology,Breathe,https://publications.ersnet.org/content/breathe,Non-profit,European Respiratory Society (ERS),,,,OA,,0.751,Q2 (Pulmonary and Respiratory Medicine),44,No
Health,Physiology,Pflügers Archiv - European Journal of Physiology,https://link.springer.com/journal/424,For-profit Society-run,Springer Nature,German Physiological Society,Society,Germany / UK,Hybrid,2478,1.062,Q1 (Clinical Biochemistry),151,No
Health,Physiology,European Journal of Applied Physiology,https://link.springer.com/journal/421,For-profit,Springer Nature,,,Germany / UK,Hybrid,2636,1.06,"Q1 (Medicine; Orthopedics and Sports Medicine; Public Health, Environmental and Occupational Health)",167,No
Health,Physiology,Current Opinion in Gastroenterology,https://journals.lww.com/co-gastroenterology/Pages/currenttoc.aspx,For-profit,Wolters Kluwer (Lippincott),,,Netherlands / USA,,,1.068,Q1 (Gastroenterology),98,No
Health,Physiology,Cryobiology,https://www.sciencedirect.com/journal/cryobiology,For-profit Society-run,Elsevier,Society for Cryobiology,Society,Netherlands,Hybrid,1867,0.519,"Q2 (Agricultural and Biological Sciences; Biochemistry, Genetics and Molecular Biology)",98,No
Health,Physiology,CPT: Pharmacometrics and Systems pharmacology,https://ascpt.onlinelibrary.wiley.com/journal/21638306,For-profit Society-run,John Wiley & Sons,American Society for Clinical Pharmacology and Therapeutics (ASCPT),Society,USA,OA,2966,1.249,Q1 (Cardiology and Cardiovascular Medicine; Modeling and Simulation; Pharmacology),60,No
Health,Physiology,Comprehensive Physiology,https://onlinelibrary.wiley.com/journal/20404603,For-profit Society-run,John Wiley & Sons,American Physiological Society (APS),Society,USA,,,1.759,Q1 (Medicine; Physiology),130,No
Health,Physiology,Clinical Physiology and Functional Imaging,https://onlinelibrary.wiley.com/journal/1475097X,For-profit Society-run,John Wiley & Sons,Scandinavian Society of Clinical Physiology and Nuclear Medicine,Society,USA,Hybrid,3685,0.451,Q3 (Medicine; Physiology),78,No
Health,Physiology,Canadian Journal of Physiology and Pharmacology,https://cdnsciencepub.com/journal/cjpp,For-profit,Canadian Science Publishing,,,Canada,,,0.45,Q3 (Medicine; Pharmacology; Physiology),99,No
Health,Physiology,BMJ Open respiratory research,https://bmjopenrespres.bmj.com/,Non-profit,BMJ Group,British Thoracic Society,Society,UK,OA,2168,1.106,Q1 (Pulmonary and Respiratory Medicine),45,No
Health,Physiology,Archives of Physiology and Biochemistry,https://www.tandfonline.com/journals/iarp20,For-profit,Taylor & Francis Group,,,UK,,,0.687,Q2 (Medicine; Physiology),62,No
Health,Physiology,"Applied Physiology, Nutrition, and Metabolism",https://cdnsciencepub.com/journal/apnm,For-profit,Canadian Science Publishing,,,Canada,Hybrid,1308,0.774,"Q2 (Endocrinology, Diabetes and Metabolism; Medicine; Nutrition and Dietetics; Physiology; Sports Science)",114,No
Health,Physiology,Annual Review of Physiology,https://www.annualreviews.org/content/journals/physiol,Non-profit,Annual Reviews,,,,,,7.82,Q1 (Physiology),246,No
Health,Physiology,American Journal of Physiology - Renal Physiology,https://journals.physiology.org/journal/ajprenal?cookieSet=1,Non-profit,American Physiological Society,American Physiological Society,Society,,,,,,5,No
Health,Physiology,American Journal of Physiology - Lung Cellular and Molecular Physiology,https://journals.physiology.org/journal/ajplung,Non-profit,American Physiological Society,American Physiological Society,Society,,Hybrid,1204,1.24,Q1 (Physiology; Pulmonary and Respiratory Medicine),186,No
Health,Physiology,American Journal of Physiology - Heart and Circulatory Physiology,https://journals.physiology.org/journal/ajpheart,Non-profit,American Physiological Society,American Physiological Society,Society,,Hybrid,2467,1.464,Q1 (Cardiology and Cardiovascular Medicine; Physiology),231,No
Health,Physiology,American Journal of Physiology - Gastrointestinal and Liver Physiology,https://journals.physiology.org/journal/ajpgi,Non-profit,American Physiological Society,American Physiological Society,Society,,Hybrid,3261,1.39,Q1 (Gastroenterology; Hepatology; Physiology),198,No
Health,Physiology,American Journal of Physiology - Cell Physiology,https://journals.physiology.org/journal/ajpcell,Non-profit,American Physiological Society,American Physiological Society,Society,,Hybrid,2674,1.791,Q1 (Cell Biology; Physiology),207,No
Health,Physiology,American Heart Journal,https://www.sciencedirect.com/journal/american-heart-journal,For-profit,Elsevier,,,Netherlands,Hybrid,3156,2.039,Q1 (Cardiology and Cardiovascular Medicine),211,No
Health,Nutrition,The Journal of Nutrition Health and Aging,https://www.sciencedirect.com/journal/the-journal-of-nutrition-health-and-aging,For-profit,Elsevier,SERDI Publisher,,France,OA,1723,1.23,Q1 (Geriatrics and Gerontology; Medicine; Nutrition and Dietetics),111,No
Health,Nutrition,European Journal of Nutrition,https://link.springer.com/journal/394,For-profit,Springer Nature,,,Germany / UK,Hybrid,2792,1.346,Q1 (Medicine; Nutrition and Dietetics),125,No
Health,Nutrition,Cahiers de Nutrition et de Diététique,https://www.sciencedirect.com/journal/cahiers-de-nutrition-et-de-dietetique,For-profit Society-run,Elsevier,Société Française de Nutrition,Society,Netherlands,Hybrid,1125,0.144,Q4 (Medicine; Nutrition and Dietetics),16,No
Health,Nutrition,British Journal of Nutrition,https://www.cambridge.org/core/journals/british-journal-of-nutrition,University Press,Cambridge University Press (CUP),,,UK,Hybrid,2429,0.896,Q2 (Medicine; Nutrition and Dietetics),230,No
Health,Nutrition,Appetite,https://www.sciencedirect.com/journal/appetite,For-profit,Elsevier,,,Netherlands,Hybrid,2916,1.184,Q1 (Nutrition and Dietetics; Psychology),190,No
Health,Nutrition,Annual Review of Nutrition,https://www.annualreviews.org/content/journals/nutr,Non-profit,Annual Reviews,,,,,,4.435,Q1 (Medicine; Nutrition and Dietetics),184,No
Health,Nutrition,Annals of Nutrition and Metabolism,https://karger.com/ANM,For-profit,Karger Publishers,,,Switzerland,Hybrid,2408,0.829,Q2 (Medicine; Nutrition and Dietetics),106,No
Health,Nutrition,Advances in Nutrition,https://www.sciencedirect.com/journal/advances-in-nutrition,For-profit Society-run,Elsevier,American Society for Nutrition,Society,Netherlands,OA,4949,2.591,Q1 (Food Science; Medicine; Nutrition and Dietetics),145,No
Health,Sport Science,Journal of Sport and Health Science,https://www.sciencedirect.com/journal/journal-of-sport-and-health-science,For-profit/University Press,Elsevier,Shanghai University of Sport,,Netherlands,OA diamond,0,3.197,"Q1 (Orthopedics and Sports Medicine; Physical Therapy, Sports Therapy and Rehabilitation)",76,No
Health,Clinical/Medicine,The New England Journal of Medicine,https://www.nejm.org/,Non-profit,Massachusetts Medical Society,Massachusetts Medical Society,Society,USA,Hybrid,19,19.076,Q1 (Medicine),1231,No
Health,Clinical/Medicine,Médecine/Sciences,https://www.medecinesciences.org,For-profit Society-run,China Science Publishing & Media,Inserm/Société de la revue médecine/sciences (SRMS),Society,France/Canada,,,0.144,"Q4 (Biochemistry, Genetics and Molecular Biology; Medicine)",32,No
Health,Clinical/Medicine,The Lancet,https://www.thelancet.com/,For-profit,Elsevier,,,Netherlands,Hybrid,4621,12.113,Q1 (Medicine),936,No
Health,Clinical/Medicine,Science Translational Medicine,https://www.science.org/journal/stm,Non-profit,American Association for the Advancement of Science (AAAS),American Association for the Advancement of Science,Society,USA,Hybrid,1538,6.722,Q1 (Medicine),303,No
Health,Clinical/Medicine,Prescrire,https://www.prescrire.org/,Non-profit,Association mieux prescrire,Association mieux prescrire,Society,France,,,,,,No
Health,Clinical/Medicine,Prescrire International,https://english.prescrire.org/en/Summary.aspx,Non-profit,Association mieux prescrire,Association mieux prescrire,Society,France,,,0.203,Q3 (Pharmacology),14,No
Health,Clinical/Medicine,New Zealand Medical Journal,https://nzmj.org.nz/,Non-profit,Pasifika Medical Association Group,,,New Zealand,,,0.455,Q3 (Medicine),60,No
Health,Clinical/Medicine,Nature Medicine,https://www.nature.com/nm/,For-profit,Springer Nature,,,Germany/UK,Hybrid,9498,18.333,"Q1 (Biochemistry, Genetics and Molecular Biology; Medicine)",653,No
Health,Clinical/Medicine,Medical Clinics of North America,https://www.sciencedirect.com/journal/medical-clinics-of-north-america,For-profit,Elsevier,,,Netherlands,,,1.521,Q1 (Medicine),115,No
Health,Clinical/Medicine,Medical Journal of Australia,https://www.mja.com.au/,For-profit Society-run,John Wiley & Sons,Australasian Medical Association,Society,USA,OA,,1.513,Q1 (Medicine),156,No
Health,Clinical/Medicine,Medicinal Research Reviews,https://onlinelibrary.wiley.com/journal/10981128,For-profit,John Wiley & Sons,,,USA,Hybrid,3077,3.169,Q1 (Drug Discovery; Molecular Medicine; Pharmacology),157,No
Health,Clinical/Medicine,Medicine and Science in Sports and Exercise,https://acsm.org/education-resources/journals/medicine-science-in-sports-exercise/,Non-profit,American College of Sports Medicine (ACSM),,,,Hybrid,3539,1.442,"Q1 (Orthopedics and Sports Medicine; Physical Therapy, Sports Therapy and Rehabilitation; Sports Science)",271,No
Health,Clinical/Medicine,Med,https://www.sciencedirect.com/journal/med,For-profit,Elsevier (Cell Press),,,USA,,,3.815,Q1 (Medicine),42,No
Health,Clinical/Medicine,Médecine,https://www.jle.com/fr/revues/med/revue.phtml,For-profit,John Libbey Eurotext,,,France,,,,,,No
Health,Clinical/Medicine,Journal of the Royal Society of Medicine,https://journals.sagepub.com/home/jrs,For-profit Society-run,Sage Publishing,The Royal Society of Medicine,Society,USA,OA,1279,1.714,Q1 (Medicine),97,No
Health,Clinical/Medicine,Journal of the National Medical Association,https://www.sciencedirect.com/journal/journal-of-the-national-medical-association,For-profit Society-run,Elsevier,National Medical Association,Society,Netherlands,OA,,0.813,Q2 (Medicine),87,No
Health,Clinical/Medicine,The Journal of Sexual Medicine,https://academic.oup.com/jsm,University Press,Oxford University Press (OUP),,,UK,Hybrid,1297,0.907,Q1 (Obstetrics and Gynecology; Reproductive Medicine; Urology),145,No
Health,Clinical/Medicine,Journal of Research in Medical Sciences,https://journals.lww.com/jrms/pages/default.aspx,For-profit Society-run,Wolters Kluwer (Lippincott),Isfahan University of Medical Sciences,,India,OA,,0.437,Q3 (Medicine),59,No
Health,Clinical/Medicine,Journal of Cachexia Sarcopenia Muscle,https://onlinelibrary.wiley.com/journal/1353921906009,For-profit Society-Run,John Wiley & Sons,"Society on Sarcopenia, Cachexia and Wasting Disorders",Society,USA,OA,2814,3.416,Q1 (Orthopedics and Sports Medicine; Physiology),112,No
Health,Clinical/Medicine,JAMA,https://jamanetwork.com/journals/jama,Non-profit,American Medical Association (AMA),,,USA,,,5.352,Q1 (Medicine),794,No
Health,Clinical/Medicine,Current Research in Translational Medicine,https://www.sciencedirect.com/journal/current-research-in-translational-medicine,For-profit,Elsevier,,,Netherlands,,,0.76,"Q2 (Biochemistry, Genetics and Molecular Biology; Hematology; Infectious Diseases; Medicine; Oncology; Transplantation)",70,No
Health,Clinical/Medicine,Cochrane Database of Systematic Reviews,https://www.cochranelibrary.com/cdsr/about-cdsr,For-profit Society-run,John Wiley & Sons,Cochrane Library,,USA,Hybrid,2833,1.623,Q1 (Medicine; Pharmacology),341,No
Health,Clinical/Medicine,BMJ Open,https://bmjopen.bmj.com/,Non-profit,BMJ Group,,,UK,OA,2189,1.016,Q1 (Medicine),176,No
Health,Clinical/Medicine,The BMJ,https://www.bmj.com/,Non-profit,BMJ Group,,,UK,OA,4128,2.976,Q1 (Medicine),519,No
Health,Clinical/Medicine,Annals of Medicine,https://www.tandfonline.com/journals/iann20,For-profit,Taylor & Francis Group,,,UK,OA,2769,1.204,Q1 (Medicine),133,No
Health,Clinical/Medicine,Annales de Biologie Clinique,https://www.jle.com/fr/revues/abc/revue.phtml,For-profit Society-run,John Libbey Eurotext,Société Française de Biologie Clinique (SFBC),Society,France,OA,,0.151,"Q4 (Biochemistry, Genetics and Molecular Biology; Immunology and Microbiology; Medicine)",32,No
Health,Clinical/Medicine,The American Journal of Medicine,https://www.amjmed.com/,For-profit Society-run,Elsevier,Alliance for Academic Internal Medicine,,Netherlands,Hybrid,2624,1.002,Q1 (Medicine),262,No
Health,Clinical/Medicine,The American Journal of Medical Sciences,https://www.sciencedirect.com/journal/the-american-journal-of-the-medical-sciences,For-profit Society-run,Elsevier,Southern Society for Clinical Investigation (SSCI),Society,Netherlands,,,0.671,Q2,106,No
Health,Clinical/Medicine,The American Journal of Chinese Medicine,https://www.worldscientific.com/worldscinet/ajcm,For-profit,World Scientific Publishing,,,Singapore,,,1.09,Q1 (Complementary and Alternative Medicine; Medicine),82,No
Health,Clinical/Medicine,Acupuncture and Electro-Therapeutics Research,https://journals.sagepub.com/home/aet,For-profit Society-run,Sage Publishing,International BDORT Medical Societies,,USA,,,0.147,Q4 (Anesthesiology and Pain Medicine; Complementary and Alternative Medicine; Neuroscience),28,No
Health,Clinical/Medicine,Peer Community in Registered Reports,https://rr.peercommunityin.org/about/about,Non-profit,Peer Community In,,,France,,,,,,No
Health,Aging,Mechanisms of Ageing and Development,https://www.journals.elsevier.com/mechanisms-of-ageing-and-development,For-profit Society-run,Elsevier,"European Society of Preventive, Regenerative and Anti-aging Medicine (ESAAM)",Society,Netherlands,Hybrid,3544,1.83,Q1 (Aging; Developmental Biology),139,No
Health,Aging,The International Journal of Aging and Human Development,https://journals.sagepub.com/home/ahdb,For-profit,Sage Publishing,-,,USA,,,0.792,Q2 (Developmental and Educational Psychology; Geriatrics and Gerontology),72,No
Health,Aging,The Journals of Gerontology Series A: Biological Sciences and Medical Sciences,https://academic.oup.com/biomedgerontology?login=false,University Press,Oxford University Press (OUP),,,UK,Hybrid,3126,1.334,Q1 (Geriatrics and Gerontology),230,No
Health,Aging,The Journals of Gerontology Series B: Psychological Sciences and Social Sciences,https://academic.oup.com/psychsocgerontology?login=false,University Press,Oxford University Press (OUP),,,UK,Hybrid,2999,1.995,Q1 (Clinical Psychology; Geriatrics and Gerontology; Gerontology; Health; Life-span and Life-course Studies; Medicine; Social Psychology; Sociology and Political Science),186,No
Health,Aging,Geriatrics and Gerontology International,https://onlinelibrary.wiley.com/journal/14470594,For-profit Society-run,John Wiley & Sons,Japan Geriatrics Society,Society,USA,Hybrid,2052,0.763,Q2 (Geriatrics and Gerontology; Gerontology; Health; Medicine),83,No
Health,Aging,GeroScience,https://link.springer.com/journal/11357,For-profit Society-run,Springer Nature,American Aging Association (AGE),Society,Germany / UK,Hybrid,2688,1.564,Q1 (Aging; Cardiology and Cardiovascular Medicine; Complementary and Alternative Medicine; Geriatrics and Gerontology; Veterinary),95,No
Health,Aging,Gériatrie et Psychologie Neuropsychiatrie du Vieillissement,https://www.jle.com/fr/revues/gpn/revue.phtml,For-profit Society-run,John Libbery Eurotext,Société française de gériatrie et de gérontologie (SFGG); Société francophone de psychogériatrie et de psychiatrie de la personne âgée (SF3PA); Association des jeunes gériatres (AJG),Society,France,Hybrid,424,0.19,Q4 (Biological Psychiatry; Geriatrics and Gerontology; Medicine; Neurology; Neuropsychology and Physiological Psychology),22,No
Health,Aging,Gerontology,https://karger.com/ger,For-profit,Karger Publishers,,,Switzerland,Hybrid,2678,0.98,Q2 (Geriatrics and Gerontology),120,No
Health,Aging,Experimental Aging Research,https://www.tandfonline.com/journals/uear20,For-profit,Taylor & Francis Group,,,UK,,,0.576,Q1 (Arts and Humanities),59,No
Health,Aging,Clinical Gerontologist,https://www.tandfonline.com/journals/wcli20,For-profit,Taylor & Francis Group,,,UK,,,1.046,Q1 (Clinical Psychology; Gerontology; Health),46,No
Health,Aging,Biogerontology,https://link.springer.com/journal/10522,For-profit,Springer Nature,,,Germany / UK,Hybrid,3589,1.152,Q1 (Gerontology),95,No
Health,Aging,Australasian Journal on Ageing,https://onlinelibrary.wiley.com/journal/17416612,For-profit,John Wiley & Sons,,,USA,,,0.706,Q1 (Community and Home Care),50,No
Health,Aging,Age and Ageing,https://academic.oup.com/ageing?login=false,University Press,Oxford University Press (OUP),,,UK,Hybrid,2895,1.993,Q1 (Aging; Geriatrics and Gerontology; Medicine),175,No
Health,Aging,Ageing Research Reviews,https://www.sciencedirect.com/journal/ageing-research-reviews,For-profit,Elsevier,,,Netherlands,Hybrid,2949,4.216,Q1 (Aging; Biochemistry; Biotechnology; Molecular Biology; Neurology),181,No
Health,Aging,Aging and Mental Health,https://www.tandfonline.com/journals/camh20,For-profit,Taylor & Francis Group,,,UK,Hybrid,1690,1.356,Q1 (Geriatrics and Gerontology; Gerontology; Psychiatry and Mental Health),119,No
Health,Aging,Aging Cell,https://onlinelibrary.wiley.com/journal/14749726,For-profit Society-run,John Wiley & Sons,The Anatomical Society,Society,UK,OA,2327,2.905,Q1 (Aging; Cell Biology),181,No
Health,Aging,Aging Clinical and Experimental Research,https://link.springer.com/journal/40520,For-profit Society-run,Springer Nature,"European Society for Clinical and Economic Aspects of Osteoporosis, Osteoarthritis and Musculoskeletal Diseases",Society,Germany / UK,OA,3321,1.144,Q2 (Aging; Geriatrics and Gerontology),95,No
Health,Aging,Aging and Disease,https://www.aginganddisease.org/EN/2152-5250/home.shtml,Non-profit,International Society on Aging and Disease (ISOAD),International Society on Aging and Disease (ISOAD),Society,USA,OA,2397,2.143,Q1 (Cell Biology; Geriatrics and Gerontology; Neurology; Pathology and Forensic Medicine),88,No
Health,Aging,Journal of Aging Research,https://onlinelibrary.wiley.com/journal/9025,For-profit,John Wiley & Sons,,,UK,OA,673,0.633,Q3 (Geriatrics and Gerontology),61,No
Health,Aging,Ageing International,https://link.springer.com/journal/12126,For-profit,Springer Nature,,,Germany / UK,Hybrid,,0.529,Q2 (Health),47,No
Health,Aging,Nature Aging,https://www.nature.com/nataging,For-profit,Springer Nature,,,Germany / UK,Hybrid,10439,7.081,Q1 (Aging; Geriatrics and Gerontology; Neuroscience),51,No
Health,Aging,Journal of Aging Studies,https://www.sciencedirect.com/journal/journal-of-aging-studies,For-profit,Elsevier,,,Netherlands,Hybrid,1785,0.765,"Q1 (Issues, Ethics and Legal Aspects)",86,No
Health,Aging,Journal of Aging and Health,https://journals.sagepub.com/home/jah,For-profit,Sage Publishing,,,USA,Hybrid,269,1.143,Q1 (Community and Home Care; Gerontology; Health; Life-span and Life-course Studies; Sociology and Political Science),93,No
Health,Aging,Frontiers in Aging,https://www.frontiersin.org/journals/aging,For-profit,Frontiers Media SA,,,Switzerland,OA,1677,1.455,Q1 (Genetics; Molecular Biology; Physiology),20,No
Health,Aging,The American Journal of Geriatric Psychiatry,https://www.ajgponline.org/,For-profit Society-run,Elsevier,American Association for Geriatric Psychiatry (AAGP),Society,Netherlands,Hybrid,3194,1.378,Q1 (Geriatrics and Gerontology; Psychiatry and Mental Health),150,No
Health,Ecology,GeoHealth,https://agupubs.onlinelibrary.wiley.com/journal/24711403,For-profit Society-run,John Wiley & Sons,American Geophysical Union (AGU),,USA,OA,1972,1.308,"Q1 (Epidemiology; Health, Toxicology and Mutagenesis; Management, Monitoring, Policy and Law; Pollution; Public Health, Environmental and Occupational Health; Waste Management and Disposal; Water Science and Technology)",40,No
Health,Neurology and Psychiatry,Psychology of Addictive Behaviors,https://www.apa.org/pubs/journals/adb/,Non-profit,American Psychological Association (APA),American Psychological Association (APA),Society,USA,Hybrid,3510,1.37,Q1 (Clinical Psychology; Medicine; Psychiatry and Mental Health),127,No
Health,Neurology and Psychiatry,Journal of Substance Use,https://www.tandfonline.com/journals/ijsu20,For-profit,Taylor & Francis Group,,,UK,Hybrid,664,0.324,Q3 (Health; Medicine),37,No
Health,Neurology and Psychiatry,Journal of Studies on Alcohol and Drugs,https://www.jsad.com/,Non-profit,"Alcohol Research Documentation, Inc.",Rutgers University’s Center of Alcohol and Substance Use Studies,,,Hybrid,3225,0.838,Q1 (Health),141,No
Health,Neurology and Psychiatry,Journal of Ethnicity in Substance Abuse,https://www.tandfonline.com/journals/wesa20,For-profit,Taylor & Francis Group,,,UK,Hybrid,2020,0.442,Q2 (Health),38,No
Health,Neurology and Psychiatry,Journal of Behavioral Addictions,https://akjournals.com/view/journals/2006/2006-overview.xml,For-profit Society-run,Wolters Kluwer (Akadémiai Kiadó (AK) Journals),International Society of Addiction Journal Editors (ISAJE),Society,Hungary,OA,810,2.26,Q1 (Clinical Psychology; Medicine; Psychiatry and Mental Health),88,No
Health,Neurology and Psychiatry,International Journal of Mental Health and Addiction,https://link.springer.com/journal/11469,For-profit,Springer Nature,,,Germany / UK,Hybrid,2341,1.477,Q1 (Psychiatry and Mental Health),79,No
Health,Neurology and Psychiatry,International Gambling Studies,https://www.tandfonline.com/journals/rigs20,For-profit,Taylor & Francis Group,,,UK,Hybrid,742,1.071,Q2 (Applied Psychology),45,No
Health,Neurology and Psychiatry,European Addiction Research,https://karger.com//ear,For-profit,Karger Publishers,,,Switzerland,Hybrid,3207,0.981,Q1 (Health; Medicine),64,No
Health,Neurology and Psychiatry,Drug and Alcohol Review,https://onlinelibrary.wiley.com/journal/14653362,For-profit Society-run,John Wiley & Sons,Australasian Professional Society on Alcohol and other Drugs (APSAD),Society,USA,Hybrid,2254,1.033,Q1 (Health; Medicine),92,No
Health,Neurology and Psychiatry,Addiction,https://onlinelibrary.wiley.com/journal/13600443,For-profit Society-run,John Wiley & Sons,Society for the Study of Addiction,Society,USA,Hybrid,2472,2.357,Q1 (Medicine; Psychiatry and Mental Health),224,No
Health,Neurology and Psychiatry,Addiction Biology,https://onlinelibrary.wiley.com/journal/13691600,For-profit Society-run,John Wiley & Sons,Society for the Study of Addiction,Society,USA,OA,3038,1.159,Q1 (Medicine; Pharmacology; Psychiatry and Mental Health),97,No
Health,Neurology and Psychiatry,Addiction Research and Theory,https://www.tandfonline.com/journals/iart20,For-profit,Taylor & Francis Group,,,UK,Hybrid,2973,0.904,Q1 (Medicine),65,No
Health,Neurology and Psychiatry,Addiction Science and Clinical Practice,https://ascpjournal.biomedcentral.com/,For-profit,Springer Nature (BioMed Central),Evans Medical Foundation,,UK,OA,1996,1.187,Q1 (Clinical Psychology; Psychiatry and Mental Health),51,No
Health,Neurology and Psychiatry,Addictive Behaviors,https://www.sciencedirect.com/journal/addictive-behaviors,For-profit,Elsevier,,,Netherlands,Hybrid,2339,1.638,Q1 (Clinical Psychology; Medicine; Psychiatry and Mental Health; Toxicology),158,No
Health,Neurology and Psychiatry,Addictive Behaviors Reports,https://www.sciencedirect.com/journal/addictive-behaviors-reports,For-profit,Elsevier,,,UK,OA,1870,1.12,Q1 (Clinical Psychology),41,No
Health,Neurology and Psychiatry,The American Journal on Addictions,https://onlinelibrary.wiley.com/journal/15210391,For-profit Society-run,John Wiley & Sons,American Academy of Addiction Psychiatry,,USA,,,0.943,Q1 (Medicine),92,No
Health,Neurology and Psychiatry,The American Journal of Drug Alcohol Abuse,https://www.tandfonline.com/journals/iada20,For-profit,Taylor & Francis Group,,,UK,,,0.886,Q2 (Clinical Psychology; Medicine; Psychiatry and Mental Health),85,No
Health,Neurology and Psychiatry,Alcohol,https://www.sciencedirect.com/journal/alcohol,For-profit,Elsevier,,,Netherlands,Hybrid,2941,0.704,Q2 (Biochemistry; Health; Medicine; Toxicology),90,No
Health,Neurology and Psychiatry,Alcohol and Alcoholism,https://academic.oup.com/alcalc/?login=false,University Press,Oxford University Press (OUP),,,UK,Hybrid,2989,0.75,Q2 (Medicine; Psychiatry and Mental Health; Toxicology),111,No
Health,Neurology and Psychiatry,Computational Psychiatry,https://cpsyjournal.org/,Non-profit,The Society for Computational Psychiatry Ltd.,The Society for Computational Psychiatry Ltd.,Society,UK,OA,2607,1.041,Q1 (Psychology),11,No
Health,Neurology and Psychiatry,The Journal of Clinical Psychiatry,https://www.psychiatrist.com/jcp/,Non-profit,Physicians Postgraduate Press,American Society for Clinical Psychopharmacology,Society,USA,Hybrid,3245,1.494,Q1 (Medicine; Psychiatry and Mental Health),236,No
Health,Neurology and Psychiatry,JAMA Neurology,https://jamanetwork.com/journals/jamaneurology,Non-profit,American Medical Association (AMA),American Medical Association (AMA),Society,USA,Hybrid,4372,6.237,Q1 (Neurology),284,No
Health,Neurology and Psychiatry,JAMA Psychiatry,https://jamanetwork.com/journals/jamapsychiatry,Non-profit,American Medical Association (AMA),American Medical Association (AMA),Society,USA,Hybrid,4822,5.755,Q1 (Medicine; Psychiatry and Mental Health),417,No
Health,Neurology and Psychiatry,"Journal of Neurology, Neurosurgery and Psychiatry",https://jnnp.bmj.com/,Non-profit,BMJ Group,British Medical Association,Society,UK,Hybrid,3386,3.379,Q1 (Neurology; Psychiatry and Mental Health; Surgery),244,No
Health,Neurology and Psychiatry,Brain,https://academic.oup.com/brain,University Press,Oxford University Press (OUP),,,UK,Hybrid,4007,4.72,Q1 (Medicine; Neurology),391,No
Health,Neurology and Psychiatry,Brain Communications,https://academic.oup.com/braincomms,University Press,Oxford University Press (OUP),The Guarantors of Brain,,UK,OA,3289,1.86,Q1 (Biological Psychiatry; Cellular and Molecular Neuroscience; Neurology; Psychiatry and Mental Health),42,No
Health,Neurology and Psychiatry,Schizophrenia Bulletin,https://academic.oup.com/schizophreniabulletin,University Press,Oxford University Press (OUP),,,UK,Hybrid,2920,2.138,Q1 (Psychiatry and Mental Health),228,No
Health,Neurology and Psychiatry,Psychological Medicine,https://www.cambridge.org/core/journals/psychological-medicine,University Press,Cambridge University Press (CUP),,,UK,Hybrid,2732,2.424,Q1 (Applied Psychology; Psychiatry and Mental Health),251,No
Health,Neurology and Psychiatry,Canadian Journal of Neurological Sciences,https://www.cambridge.org/core/journals/canadian-journal-of-neurological-sciences,University Press Society-run,Cambridge University Press (CUP),Canadian Neurological Sciences Federation (CNSF); the Canadian Neurological Society (CNS); the Canadian Neurosurgical Society (CNSS); the Canadian Society of Clinical Neurophysiologists (CSCN); the Canadian Association of Child Neurology (CACN); the Canadian Society of Neuroradiology (CSNR); the Canadian Stroke Consortium (CSC),Society,UK,,,0.686,Q2 (Medicine; Neurology),81,No
Health,Neurology and Psychiatry,Schizophrenia,https://www.nature.com/npjschz/,For-profit Society-run,Springer Nature,Schizophrenia International Research Society,Society,Germany/UK,OA,3265,1.483,Q1 (Biological Psychiatry; Clinical Psychology; Psychiatry and Mental Health),44,No
Health,Neurology and Psychiatry,Annals of Neurology,https://onlinelibrary.wiley.com/journal/15318249,For-profit Society-run,John Wiley & Sons,American Neurological Association and the Child Neurology Society,Society,USA,Hybrid,2738,3.736,Q1 (Neurology),340,No
Health,Neurology and Psychiatry,Neurology,https://www.neurology.org/journal/wnl,For-profit Society-run,Wolters Kluwer,American Academy of Neurology,,Netherlands,Hybrid,3643,2.401,Q1 (Neurology),422,No
Health,Neurology and Psychiatry,Journal of Affective Disorders,https://www.journals.elsevier.com/journal-of-affective-disorders,For-profit Society-run,Elsevier,International Society for Affective Disorders,Society,Netherlands,Hybrid,2842,2.121,Q1 (Clinical Psychology; Psychiatry and Mental Health),245,No
Health,Neurology and Psychiatry,Journal of Affective Disorders Reports,https://www.sciencedirect.com/journal/journal-of-affective-disorders-reports,For-profit Society-run,Elsevier,International Society for Affective Disorders,Society,Netherlands,Hybrid,1647,0.904,Q2 (Clinical Psychology; Psychiatry and Mental Health),34,No
Health,Neurology and Psychiatry,La revue neurologique,https://www.sciencedirect.com/journal/revue-neurologique,For-profit Society-run,Elsevier,Société Française de Neurologie,Society,Netherlands,OA,,0.753,Q2 (Neurology),61,No
Health,Neurology and Psychiatry,The Canadian Journal of Psychiatry,https://journals.sagepub.com/home/cpa,For-profit Society-run,Sage Publishing,Canadian Psychiatric Association,Society,USA,Hybrid,543,1.425,Q1 (Psychiatry and Mental Health),144,No
Health,Neurology and Psychiatry,The Annals of Clinical Psychiatry,https://journals.sagepub.com/home/acya,For-profit Society-run,Sage Publishing,American Academy of Clinical Psychiatrists,,USA,,,0.393,Q3 (Medicine; Psychiatry and Mental Health),79,No
Health,Neurology and Psychiatry,Clinical EEG and Neuroscience,https://journals.sagepub.com/home/eegb,For-profit Society-run,Sage Publishing,EEG and Clinical Neuroscience Society,Society,USA,,,0.627,Q2 (Medicine),67,No
Health,Neurology and Psychiatry,Current Directions in Psychological Science,https://journals.sagepub.com/home/cdpa,For-profit Society-run,Sage Publishing,Association for Psychological Science,Society,USA,,,3.211,Q1 (Developmental and Educational Psychology; Psychology),223,No
Health,Neurology and Psychiatry,Australasian Psychiatry,https://journals.sagepub.com/home/apya,For-profit Society-run,Sage Publishing,The Royal Australasian and New Zealand College of Psychiatrists,,USA,,,0.514,Q3 (Psychiatry and Mental Health),49,No
Health,Neurology and Psychiatry,Australian and New Zealand Journal of Psychiatry,https://journals.sagepub.com/home/anpa,For-profit Society-run,Sage Publishing,The Royal Australasian and New Zealand College of Psychiatrists,,USA,Hybrid,367,1.713,Q1 (Medicine; Psychiatry and Mental Health),140,No
Health,Neurology and Psychiatry,European Stroke Journal,https://journals.sagepub.com/home/esoa,For-profit Society-run,Sage Publishing,European Stroke Organization,,USA,Hybrid,362,2.433,Q1 (Cardiology and Cardiovascular Medicine; Neurology),42,No
Health,Neurology and Psychiatry,International Journal of Stroke,https://journals.sagepub.com/home/wsoa,For-profit Society-run,Sage Publishing,International Journal of Stroke,,USA,Hybrid,1271,1.917,Q1 (Neurology),105,No
Health,Neurology and Psychiatry,Journal of Neurotrauma,https://journals.sagepub.com/home/nrta,For-profit Society-run,Sage Publishing,National Neurotrauma Society; European Neurotrauma Society; International Neurotrauma Society,Society,USA,Hybrid,2862,1.542,Q1 (Neurology),179,No
Health,Neurology and Psychiatry,"Multiple Sclerosis Journal‚ Experimental, Translational and Clinical",https://journals.sagepub.com/home/msoa,For-profit Society-run,Sage Publishing,Americas Committee for Treatment and Research in Multiple Sclerosis; the European Committee for Treatment and Research in Multiple Sclerosis; the Latin American Committee for Treatment and Research in Multiple Sclerosis & the Pan-Asian Committee for Treatment; Research in Multiple Sclerosis or Rehabilitation in Multiple Sclerosis,,USA,OA,1339,0.738,Q2 (Neurology),34,No
Health,Neurology and Psychiatry,Cephalalgia Reports,https://journals.sagepub.com/home/repa,For-profit Society-run,Sage Publishing,International Headache Society,Society,USA,OA,967,0.294,Q3 (Neurology),9,No
Health,Neurology and Psychiatry,Interventional Neuroradiology,https://journals.sagepub.com/home/inea,For-profit Society-run,Sage Publishing,World Federation of Interventional and Therapeutic Neuroradiology,,USA,,,0.625,"Q2 (Cardiology and Cardiovascular Medicine; Radiology, Nuclear Medicine and Imaging)",46,No
Health,Neurology and Psychiatry,Journal of Attention Disorders,https://journals.sagepub.com/home/JAD,For-profit Society-run,Sage Publishing,American Professional Society of ADHD and Related Disorders (APSARD),Society,USA,Hybrid,1137,1.212,Q1 (Clinical Psychology; Developmental and Educational Psychology),93,No
Health,Neurology and Psychiatry,Nature Reviews Neurology,https://www.nature.com/nrneurol/,For-profit,Springer Nature,,,Germany/UK,Hybrid,,5.828,Q1 (Cellular and Molecular Neuroscience; Neurology),225,No
Health,Neurology and Psychiatry,Nature Mental Health,https://www.nature.com/natmentalhealth/,For-profit,Springer Nature,,,Germany,Hybrid,10690,2.613,Q1 (Biological Psychiatry; Molecular Medicine; Neuroscience; Psychiatry and Mental Health),13,No
Health,Neurology and Psychiatry,Biological Psychiatry,https://www.biologicalpsychiatryjournal.com/,For-profit Society-run,Elsevier,Society of Biological Psychiatry,Society,Germany,Hybrid,3082,4.684,Q1 (Biological Psychiatry),367,No
Health,Neurology and Psychiatry,Translational Psychiatry,https://www.nature.com/tp/,For-profit,Springer Nature,,,Germany,OA,3568,2.453,Q1 (Biological Psychiatry; Cellular and Molecular Neuroscience; Psychiatry and Mental Health),137,No
Health,Neurology and Psychiatry,NeuroImage: Clinical,https://www.journals.elsevier.com/neuroimage-clinical,For-profit,Elsevier,,,Netherlands,OA,2828,1.566,"Q1 (Cognitive Neuroscience; Neurology; Radiology, Nuclear Medicine and Imaging)",106,No
Health,Neurology and Psychiatry,The Lancet Psychiatry,https://www.thelancet.com/journals/lanpsy/home,For-profit,Elsevier,,,Netherlands,Hybrid,5085,7.458,Q1 (Biological Psychiatry; Psychiatry and Mental Health),160,No
Health,Neurology and Psychiatry,The Lancet Neurology,https://www.thelancet.com/journals/laneur/home,For-profit,Elsevier,,,Netherlands,Hybrid,4883,11.729,Q1 (Neurology),379,No
Health,Neurology and Psychiatry,Frontiers in Neurology,https://www.frontiersin.org/journals/neurology,For-profit,Frontiers Media SA,,,Switzerland,OA,2397,0.993,Q2 (Neurology),118,No
Health,Neurology and Psychiatry,Journal of Psychiatry and Neuroscience,https://cdnsciencepub.com/journal/jpn,For-profit,Canadian Science Publishing,,,,OA,1721,1.326,Q1 (Medicine; Pharmacology; Psychiatry and Mental Health),116,No
Health,Neurology and Psychiatry,Dementia,https://journals.sagepub.com/home/dema,For-profit,Sage Publishing,,,USA,Hybrid,2488,1.113,Q1 (History; Medicine; Social Sciences; Sociology and Political Science),70,No
Health,Neurology and Psychiatry,The International Journal of Psychiatry in Medicine,https://journals.sagepub.com/home/ijpb,For-profit,Sage Publishing,,,USA,,,0.622,Q3 (Psychiatry and Mental Health),64,No
Health,Neurology and Psychiatry,American Journal of Alzheimer's Disease and Other Dementias,https://journals.sagepub.com/home/ajae,For-profit,Sage Publishing,,,USA,OA,1302,0.826,Q2 (Clinical Psychology; Geriatrics and Gerontology; Neuroscience; Psychiatry and Mental Health),76,No
Health,Neurology and Psychiatry,Therapeutic Advances in Neurological Disorders,https://journals.sagepub.com/home/tana,For-profit,Sage Publishing,,,USA,OA,1929,1.614,Q1 (Neurology; Pharmacology),75,No
Health,Neurology and Psychiatry,Multiple Sclerosis Journal,https://journals.sagepub.com/home/msja,For-profit,Sage Publishing,,,USA,Hybrid,2542,1.938,Q1 (Neurology),160,No
Health,Neurology and Psychiatry,Journal of Geriatric Psychiatry and Neurology,https://journals.sagepub.com/home/jgpb,For-profit,Sage Publishing,,,USA,,,1.05,Q2 (Geriatrics and Gerontology; Neurology; Psychiatry and Mental Health),82,No
Health,Neurology and Psychiatry,Neurorehabilitation,https://journals.sagepub.com/home/nrea,For-profit,Sage Publishing,,,USA,Hybrid,,0.552,"Q2 (Physical Therapy, Sports Therapy and Rehabilitation; Rehabilitation)",82,No
Health,Neurology and Psychiatry,Journal of Parkinson's Disease,https://journals.sagepub.com/home/pkna,For-profit,Sage Publishing,,,USA,OA,2090,1.743,Q1 (Cellular and Molecular Neuroscience; Neurology),75,No
Health,Neurology and Psychiatry,Journal of Central Nervous System Disease,https://journals.sagepub.com/home/cnsa,For-profit,Sage Publishing,,,USA,OA,2294,1.016,Q2 (Cellular and Molecular Neuroscience; Neurology),15,No
Health,Neurology and Psychiatry,Clinical Psychological Science,https://journals.sagepub.com/home/cpx,For-profit Society-run,Sage Publishing,The Association for Psychological Science,Society,USA,Hybrid,391,2.513,Q1 (Clinical Psychology),79,PCI friendly
Health,Neurology and Psychiatry,Neuro-Oncology,https://academic.oup.com/neuro-oncology,University Press Society-run,Oxford University Press (OUP),Society for Neuro-oncology (SNO),Society,UK,Hybrid,3573,6.974,Q1 (Cancer Research; Neurology; Oncology),178,No
Health,Neurology and Psychiatry,Neuro-Oncology Practice,https://academic.oup.com/nop/,University Press Society-run,Oxford University Press (OUP),Society for NeuroOncology (SNO); the European Association of Neuro-Oncology (EANO),Society,UK,Hybrid,2632,0.901,Q2 (Medicine; Neurology; Oncology),34,No
Health,Neurology and Psychiatry,Neuro-Oncology Advances,https://academic.oup.com/noa,University Press Society-run,Oxford University Press (OUP),Society for NeuroOncology (SNO); the European Association of Neuro-Oncology (EANO),Society,UK,OA,2158,1.472,Q1 (Neurology; Oncology; Surgery),33,No
Health,Neurology and Psychiatry,Journal of Neuro-Oncology,https://link.springer.com/journal/11060,For-profit,Springer Nature,,,Germany/UK,Hybrid,3958,1.139,Q1 (Neurology),141,No
Health,Neurology and Psychiatry,Annual Review of Clinical Psychology,https://www.annualreviews.org/content/journals/clinpsy,Non-profit,Annual Reviews,Annual Reviews,,USA,,,8.021,Q1 (Clinical Psychology; Medicine; Psychiatry and Mental Health),158,No
Health,Neurology and Psychiatry,Brain Disorders,https://www.sciencedirect.com/journal/brain-disorders,For-profit,Elsevier,,,Netherlands,OA,1700,0.415,Q3 (Neurology),11,No
Health,Neurology and Psychiatry,Brain Hemorrhages,https://www.sciencedirect.com/journal/brain-hemorrhages,For-profit Society-run,Elsevier,International Hemorrhagic Stroke Association,Society,Netherlands,OA,980,0.356,Q3 (Neurology; Surgery),11,No
Health,Neurology and Psychiatry,Brain Network Disorders,https://www.sciencedirect.com/journal/brain-network-disorders,For-profit Society-run,Elsevier,Chinese Medical Association,Society,Netherlands/China,,,,,,No
Health,Neurology and Psychiatry,European Psychiatry,https://www.cambridge.org/core/journals/european-psychiatry,University Press Society-run,Cambridge University Press (CUP),European Psychiatric Association,Society,UK,OA,2270,1.989,Q1 (Psychiatry and Mental Health),116,No
Health,Neurology and Psychiatry,Behavioural and Cognitive Psychotherapy,https://www.cambridge.org/core/journals/behavioural-and-cognitive-psychotherapy,University Press Society-run,Cambridge University Press (CUP),The British Association for Behavioural and Cognitive Psychotherapies,Society,UK,Hybrid,2516,0.926,Q1 (Medicine),81,No
Health,Neurology and Psychiatry,Acta Neuropsychiatrica,https://www.cambridge.org/core/journals/acta-neuropsychiatrica,University Press,Cambridge University Press (CUP),,,UK,Hybrid,2418,0.919,Q2 (Psychiatry and Mental Health),46,No
Health,Neurology and Psychiatry,Irish Journal of Psychological Medicine,https://www.cambridge.org/core/journals/irish-journal-of-psychological-medicine,University Press Society-run,Cambridge University Press (CUP),the College of Psychiatrists of Ireland,,UK,,,0.699,Q1 (History and Philosophy of Science),37,No
Health,Neurology and Psychiatry,Neurodegenerative Diseases,https://karger.com/ndd,For-profit,Karger Publishers,,,Switzerland,Hybrid,2836,0.852,Q2 (Neurology),70,No
Health,Neurology and Psychiatry,Neurologia,https://www.sciencedirect.com/journal/neurologia,For-profit Society-run,Elsevier,Sociedad Espanola de Neurologia,Society,Netherlands,OA diamond,0,0.791,Q2 (Medicine; Neurology),53,No
Health,Neurology and Psychiatry,Neurological Research,https://www.tandfonline.com/journals/yner20,For-profit,Taylor & Francis Group,,,USA,Hybrid,4123,0.549,Q2 (Medicine),88,No
Health,Neurology and Psychiatry,The Neurologist,https://journals.lww.com/theneurologist/pages/default.aspx,For-profit,Wolters Kluwer,,,Netherlands,,,0.302,Q3 (Medicine; Neurology),68,No
Health,Neurology and Psychiatry,Psychiatric Genetics,https://journals.lww.com/psychgenetics/pages/default.aspx,For-profit,Wolters Kluwer Medknow Publications,,,,Hybrid,2092,0.468,Q3 (Genetics; Psychiatry and Mental Health),65,No
Health,Neurology and Psychiatry,Psychiatry Research,https://www.sciencedirect.com/journal/psychiatry-research,For-profit,Elsevier,,,Netherlands,Hybrid,2631,1.606,Q1 (Biological Psychiatry; Psychiatry and Mental Health),187,No
Health,Neurology and Psychiatry,Research in Autism,https://www.sciencedirect.com/journal/research-in-autism,For-profit,Elsevier,,,Netherlands,,,0.828,Q2,100,No
Health,Neurology and Psychiatry,Seminars in Neurology,https://lp.thieme.de/journals/seminars-in-neurology/0271-8235,For-profit,Thieme Medical Publishers,,,Germany,Hybrid,1524,0.68,Q2 (Neurology),88,No
Health,Neurology and Psychiatry,Sleep Medicine Reviews,https://www.sciencedirect.com/journal/sleep-medicine-reviews,For-profit,Elsevier,,,Netherlands,Hybrid,2838,4.209,Q1 (Neurology; Physiology; Pulmonary and Respiratory Medicine),192,No
Health,Neurology and Psychiatry,Sleep Medicine,https://www.sciencedirect.com/journal/sleep-medicine,For-profit Society-run,Elsevier,World Sleep Society; International Pediatric Sleep Association,Society,Netherlands,Hybrid,2738,1.231,Q1 (Medicine),159,No
Health,Neurology and Psychiatry,Social Psychiatry and Psychiatric Epidemiology,https://link.springer.com/journal/127,For-profit,Springer Nature,,,Germany/UK,Hybrid,3491,1.887,Q1 (Epidemiology; Health; Psychiatry and Mental Health; Social Psychology),152,No
Health,Neurology and Psychiatry,Stroke and Vascular Neurology,https://svn.bmj.com/,Non-profit,BMJ Group,Chinese Stroke Association,Society,UK,OA,1858,1.935,Q1 (Cardiology and Cardiovascular Medicine; Neurology),46,No
Health,Neurology and Psychiatry,Stroke,https://www.ahajournals.org/journal/str,Non-profit,American Heart Association,American Heart Association,Society,,Hybrid,3464,2.659,Q1 (Advanced and Specialized Nursing; Cardiology and Cardiovascular Medicine; Medicine; Neurology; Neuroscience),370,No
Health,Neurology and Psychiatry,Translational Neurodegeneration,https://translationalneurodegeneration.biomedcentral.com/,For-profit,Springer Nature (BioMed Central),,,UK,OA,2103,3.85,Q1 (Cellular and Molecular Neuroscience; Cognitive Neuroscience; Neurology),67,No
Health,Neurology and Psychiatry,Translational Stroke Research,https://link.springer.com/journal/12975,For-profit,Springer Nature,,,Germany/UK,Hybrid,3635,1.546,Q1 (Cardiology and Cardiovascular Medicine; Neurology; Neuroscience),79,No
Health,Neurology and Psychiatry,The World Journal of Biological Psychiatry,https://www.tandfonline.com/journals/iwbp20,For-profit Society-run,Taylor & Francis Group,World Federation of Societies of Biological Psychiatry,,USA,Hybrid,2839,1.292,Q1 (Medicine; Psychiatry and Mental Health),88,No
Health,Neurology and Psychiatry,World Psychiatry,https://onlinelibrary.wiley.com/journal/20515545?journalRedirectCheck=true,For-profit,John Wiley & Sons,,,USA,OA,,18.419,Q1 (Psychiatry and Mental Health),153,No
Health,Neurology and Psychiatry,L'encéphale,https://www.sciencedirect.com/journal/lencephale,For-profit,Elsevier,,,Netherlands,Hybrid,1648,0.358,Q2,56,No
Health,Neurology and Psychiatry,NPJ Parkinson's Disease,https://www.nature.com/npjparkd/,For-profit,Springer Nature,Parkinson's Foundation,,Germany/UK,OA,2788,2.914,Q1 (Cellular and Molecular Neuroscience; Neurology),56,No
Health,Neurology and Psychiatry,Nordic Journal of Psychiatry,https://www.tandfonline.com/journals/ipsc20,For-profit Society-run,Taylor & Francis Group,Nordic Psychiatric Association,Society,USA,Hybrid,2767,0.757,Q2 (Psychiatry and Mental Health),69,No
Health,Neurology and Psychiatry,Bipolar Disorders,https://onlinelibrary.wiley.com/journal/13995618,For-profit,John Wiley & Sons,,,USA,Hybrid,2120,1.312,Q1 (Psychiatry and Mental Health),145,No
Health,Neurology and Psychiatry,Neurosurgical Review,https://link.springer.com/journal/10143,For-profit,Springer Nature,,,Germany/UK,Hybrid,2763,0.978,Q1 (Medicine; Surgery),77,No
Health,Neurology and Psychiatry,Neurotherapeutics,https://www.sciencedirect.com/journal/neurotherapeutics,For-profit Society-Run,Elsevier,American Society for Experimental NeuroTherapeutics,Society,Netherlands,OA,3762,2.063,Q1 (Neurology; Pharmacology),143,No
Health,Neurology and Psychiatry,Neuroradiology,https://link.springer.com/journal/234,For-profit Society-run,Springer Nature,European Society of Neuroradiology; Japanese Society of Neuroradiology,Society,Germany/UK,Hybrid,2618,0.843,"Q1 (Radiology, Nuclear Medicine and Imaging)",109,No
Health,Neurology and Psychiatry,Neuropsychological Rehabilitation,https://www.tandfonline.com/journals/pnrh20,For-profit,Taylor & Francis Group,,,USA,Hybrid,1570,0.804,Q1 (Arts and Humanities; Rehabilitation),88,No
Health,Neurology and Psychiatry,Neuropsychiatric Disease and Treatment,https://www.dovepress.com/neuropsychiatric-disease-and-treatment-journal,For-profit,Taylor & Francis Group,,,USA,OA,2370,0.913,Q2 (Psychiatry and Mental Health),98,No
Health,Neurology and Psychiatry,Neurophysiologie Clinique,https://www.sciencedirect.com/journal/neurophysiologie-clinique,For-profit Society-run,Elsevier,Société de Neurophysiologie Clinique de Langue Française (SNCLF),Society,Netherlands,,,0.871,Q2 (Medicine; Neurology; Physiology),78,No
Health,Neurology and Psychiatry,Neuropathology and Applied Neurobiology,https://onlinelibrary.wiley.com/journal/13652990,For-profit Society-run,John Wiley & Sons,British Neuropathological Society,Society,USA,Hybrid,2334,1.593,Q1 (Histology; Neurology; Pathology and Forensic Medicine; Physiology),111,No
Health,Neurology and Psychiatry,Neuromuscular Disorders,https://www.sciencedirect.com/journal/neuromuscular-disorders,For-profit Society-run,Elsevier,World Muscle Society,Society,Netherlands,Hybrid,3134,0.885,"Q1 (Pediatrics, Perinatology and Child Health)",116,No
Health,Neurology and Psychiatry,Neurology Genetics,https://www.neurology.org/journal/nxg,Non-profit,American Academy of Neurology Journals,American Academy of Neurology Journals,,USA,OA,2257,1.105,Q1 (Neurology),41,No
Health,Neurology and Psychiatry,Neurology Clinical Practice,https://www.neurology.org/journal/cpj,Non-profit,American Academy of Neurology Journals,American Academy of Neurology Journals,,,Hybrid,4292,0.818,Q2 (Neurology),46,No
Health,Neurology and Psychiatry,Neurological Sciences,https://link.springer.com/journal/10072,For-profit Society-run,Springer Nature,Italian Society of Neurology (SIN),Society,Germany/UK,Hybrid,3002,0.821,Q1 (Dermatology),90,No
Health,Neurology and Psychiatry,Neurochirurgie,https://www.sciencedirect.com/journal/neurochirurgie,For-profit Society-run,Elsevier,Société Française de Neurochirurgie (SFN); Société de Neurochirurgie de Langue Française (SNCLF),Society,Netherlands,,,0.484,Q2 (Surgery),38,No
Health,Neurology and Psychiatry,Multiple Sclerosis and Related Disorders,https://www.sciencedirect.com/journal/multiple-sclerosis-and-related-disorders,For-profit,Elsevier,,,Netherlands,Hybrid,1192,1.05,Q1 (Medicine),70,No
Health,Neurology and Psychiatry,Journal of Multiple Sclerosis Research,https://jmsres.com/,Non-profit,Multiple Sclerosis Research Association,Multiple Sclerosis Research Association,Society,Turkey,,,,,,No
Health,Neurology and Psychiatry,Movement Disorders,https://movementdisorders.onlinelibrary.wiley.com/journal/15318257,For-profit Society-run,John Wiley & Sons,International Parkinson and Movement Disorder Society,Society,USA,Hybrid,2135,2.988,Q1 (Neurology),238,No
Health,Neurology and Psychiatry,Journal of Stroke and Cerebrovascular Diseases,https://www.sciencedirect.com/journal/journal-of-stroke-and-cerebrovascular-diseases,For-profit,Elsevier,,,USA,OA,2999,0.688,Q1 (Rehabilitation),85,No
Health,Neurology and Psychiatry,Journal of Stroke,https://www.j-stroke.org/,Non-profit,Korean Stroke Society,Korean Stroke Society,Society,"Korea, Republic of",OA diamond,0,2.702,Q1 (Cardiology and Cardiovascular Medicine; Neurology),54,No
Health,Neurology and Psychiatry,Journal of Spinal Cord Medicine,https://www.tandfonline.com/journals/yscm20,For-profit,Taylor & Francis Group,,,UK,,,0.539,Q3 (Neurology),81,No
Health,Neurology and Psychiatry,Journal of Psychiatric Research,https://www.sciencedirect.com/journal/journal-of-psychiatric-research,For-profit,Elsevier,,,Netherlands,Hybrid,3038,1.487,Q1 (Biological Psychiatry; Psychiatry and Mental Health),172,No
Health,Neurology and Psychiatry,Journal of Prevention of the Alzheimer's Disease,https://www.sciencedirect.com/journal/the-journal-of-prevention-of-alzheimers-disease,For-profit,Elsevier,,,Netherlands,OA,,,Q1,41,No
Health,Neurology and Psychiatry,Journal of Obsessive and Compulsive Related Disorders,https://www.sciencedirect.com/journal/journal-of-obsessive-compulsive-and-related-disorders,For-profit,Elsevier,,,Netherlands,,,0.829,Q2 (Clinical Psychology; Psychiatry and Mental Health),44,No
Health,Neurology and Psychiatry,The Journal of Neuropsychiatry and Clinical Neuroscience,https://www.appi.org/jncn,Non-profit,American Neuropsychiatric Association,,,,,,0.903,,120,No
Health,Neurology and Psychiatry,Journal of Neuropathology and Experimental Neurology,https://academic.oup.com/jnen,University Press,Oxford University Press (OUP),,,UK,Hybrid,2882,1.101,Q1 (Medicine; Neurology; Pathology and Forensic Medicine),182,No
Health,Neurology and Psychiatry,Journal of Neurooncology,https://link.springer.com/journal/11060,For-profit,Springer Nature,,,Germany / UK,Hybrid,3958,1.139,Q1 (Neurology),141,No
Health,Neurology and Psychiatry,Journal of Neurology,https://link.springer.com/journal/415,For-profit,Springer Nature,,,Germany / UK,Hybrid,3370,1.687,Q1 (Neurology),168,No
Health,Neurology and Psychiatry,Journal of the Neurological Sciences,https://www.sciencedirect.com/journal/journal-of-the-neurological-sciences,For-profit Society-run,Elsevier,World Federation of Neurology,,Netherlands,Hybrid,2992,1.145,Q1 (Neurology),158,No
Health,Neurology and Psychiatry,Journal of Neurologic Physical Therapy,https://journals.lww.com/jnpt/pages/default.aspx,For-profit,Wolters Kluwer (Lippincott),,,Netherlands / USA,,,0.956,"Q1 (Medicine; Physical Therapy, Sports Therapy and Rehabilitation; Rehabilitation)",67,No
Health,Neurology and Psychiatry,Dementia and Geriatric Cognitive Disorders,https://karger.com/dem,For-profit,Karger Publishers,,,Switzerland,Hybrid,2512,0.781,Q2 (Cognitive Neuroscience; Geriatrics and Gerontology; Psychiatry and Mental Health),127,No
Health,Neurology and Psychiatry,European Journal of Neurology,https://onlinelibrary.wiley.com/journal/14681331,For-profit,John Wiley & Sons,Journal of the European Academy of Neurology (EAN),,USA,Hybrid,3350,1.561,Q1 (Neurology),151,No
Health,Neurology and Psychiatry,Journal of Neuroengineering and Rehabilitation,https://jneuroengrehab.biomedcentral.com/,For-profit,Springer Nature (BioMed Central),,,UK,OA,2360,1.287,Q1 (Health Informatics; Rehabilitation),129,No
Health,Neurology and Psychiatry,Journal of Nervous and Mental Disease,https://journals.lww.com/jonmd/pages/currenttoc.aspx,For-profit,Wolters Kluwer (Lippincott),,,Netherlands / USA,Hybrid,3405,0.593,Q3 (Psychiatry and Mental Health),142,No
Health,Neurology and Psychiatry,Journal of Eating Disorders,https://jeatdisord.biomedcentral.com/,For-profit,Springer Nature (BioMed Central),,,UK,OA,1294,1.243,Q1 (Behavioral Neuroscience; Nutrition and Dietetics; Psychiatry and Mental Health),54,No
Health,Neurology and Psychiatry,Journal of Autism and Developmental Disorders,https://link.springer.com/journal/10803,For-profit,Springer Nature,,,Germany / UK,Hybrid,2798,1.233,Q1 (Developmental and Educational Psychology),217,No
Health,Neurology and Psychiatry,Journal of Alzheimer's Disease,https://journals.sagepub.com/home/alz,For-profit,Sage Publishing (IOS Press),,,UK / Germany,Hybrid,1642,1.166,Q1 (Clinical Psychology; Medicine; Psychiatry and Mental Health),188,No
Health,Neurology and Psychiatry,International Journal of Geriatric Psychiatry,https://onlinelibrary.wiley.com/journal/10991166,For-profit,John Wiley & Sons,,,USA,Hybrid,2685,1.221,Q1 (Geriatrics and Gerontology; Psychiatry and Mental Health),157,No
Health,Neurology and Psychiatry,International Journal of Bipolar Disorders,https://journalbipolardisorders.springeropen.com/,For-profit Society-run,Springer Nature,International Group for The Study of Lithium Treated Patients; Deutsche Gesellschaft für Bipolare Störungen (DGBS),Society,UK,OA,1865,1.325,Q1 (Psychiatry and Mental Health),37,No
Health,Neurology and Psychiatry,Headache,https://headachejournal.onlinelibrary.wiley.com/,For-profit Society-run,John Wiley & Sons,American Headache Society,Society,USA,,,1.426,Q1 (Neurology),146,No
Health,Neurology and Psychiatry,Harvard Review of Psychiatry,https://journals.lww.com/hrpjournal/pages/default.aspx,For-profit Society-run,Wolters Kluwer (Lippincott),"Departments of Psychiatry, Harvard teaching hospitals",,Netherlands / USA,Hybrid,2020,1.049,Q2 (Psychiatry and Mental Health),94,No
Health,Neurology and Psychiatry,Expert Review of Neurotherapeutics,https://www.tandfonline.com/journals/iern20,For-profit,Taylor & Francis Group,,,UK,,,1.162,Q1 (Neurology; Pharmacology),103,No
Health,Neurology and Psychiatry,Experimental Neurology,https://www.sciencedirect.com/journal/experimental-neurology,For-profit,Elsevier,,,Netherlands,Hybrid,2764,1.499,Q1 (Developmental Neuroscience; Neurology),212,No
Health,Neurology and Psychiatry,Epilepsia,https://onlinelibrary.wiley.com/journal/15281167,For-profit Society-run,John Wiley & Sons,The International League Against Epilepsy,,USA,Hybrid,2082,2.371,Q1 (Neurology),228,No
Health,Neurology and Psychiatry,Epilepsia Open,https://onlinelibrary.wiley.com/journal/24709239,For-profit Society-run,John Wiley & Sons,The International League Against Epilepsy,,USA,OA,1913,0.981,Q2 (Neurology),37,No
Health,Neurology and Psychiatry,Epilepsy and Behavior,https://www.epilepsybehavior.com/,For-profit,Elsevier,,,Netherlands,OA,2384,0.829,Q2 (Behavioral Neuroscience; Neurology),128,No
Health,Neurology and Psychiatry,Epilepsy Currents,https://journals.sagepub.com/home/epi,For-profit Society-run,Sage Publishing,American Epilepsy Society (AES),Society,USA,OA,,0.354,Q3 (Neurology),34,No
Health,Neurology and Psychiatry,Epilepsy Research,https://www.sciencedirect.com/journal/epilepsy-research,For-profit,Elsevier,,,Netherlands,Hybrid,1992,0.694,Q2 (Neurology),130,No
Health,Neurology and Psychiatry,Epileptic Disorders,https://onlinelibrary.wiley.com/journal/19506945,For-profit Society-run,John Wiley & Sons,International League Against Epilepsy,,USA,,,0.713,Q2 (Medicine; Neurology),67,No
Health,Neurology and Psychiatry,Depression and Anxiety,https://onlinelibrary.wiley.com/journal/da,For-profit,John Wiley & Sons,,,USA,Hybrid,1899,2.007,Q1 (Clinical Psychology; Psychiatry and Mental Health),168,No
Health,Neurology and Psychiatry,Current Opinion in Psychiatry,https://journals.lww.com/co-psychiatry/pages/default.aspx,For-profit,Wolters Kluwer (Lippincott),,,Netherlands / USA,Hybrid,3923,2.411,Q1 (Psychiatry and Mental Health),117,No
Health,Neurology and Psychiatry,Current Opinion in Neurology,https://journals.lww.com/co-neurology/pages/default.aspx,For-profit,Wolters Kluwer (Lippincott),,,Netherlands / USA,Hybrid,3377,1.606,Q1 (Neurology),140,No
Health,Neurology and Psychiatry,Cranio,https://www.tandfonline.com/journals/ycra20,For-profit Society-run,Taylor & Francis Group,American Academy of Orofacial Pain (AAOP),,UK,,,0.678,Q1,54,No
Health,Neurology and Psychiatry,Cognitive and Behavioral Neurology,https://journals.lww.com/cogbehavneurol/pages/default.aspx,For-profit,Wolters Kluwer (Lippincott),,,Netherlands / USA,Hybrid,2672,0.436,Q3 (Medicine; Neuropsychology and Physiological Psychology; Psychiatry and Mental Health),74,No
Health,Neurology and Psychiatry,Cognitive Neuropsychiatry,https://www.tandfonline.com/journals/pcnp20,For-profit,Taylor & Francis Group,,,UK,Hybrid,1591,0.652,Q2 (Psychiatry and Mental Health),70,No
Health,Neurology and Psychiatry,Comprehensive Psychiatry,https://www.sciencedirect.com/journal/comprehensive-psychiatry,For-profit,Elsevier,,,USA,OA,2065,1.718,Q1 (Clinical Psychology; Psychiatry and Mental Health),128,No
Health,Neurology and Psychiatry,CNS Spectrums,https://www.neiglobal.com/CNSSpectrums/tabid/58/Default.aspx,University Press Society-run,Cambridge University Press (CUP),Neuroscience Education Institute,,UK,OA,2641,1.095,Q2 (Neurology; Psychiatry and Mental Health),94,No
Health,Neurology and Psychiatry,CNS Neuroscience and Therapeutics,https://onlinelibrary.wiley.com/journal/17555949,For-profit,John Wiley & Sons,,,China,OA,2234,1.676,Q1 (Pharmacology; Physiology; Psychiatry and Mental Health),99,No
Health,Neurology and Psychiatry,CNS Drugs,https://link.springer.com/journal/40263,For-profit,Springer Nature,,,Germany / UK,Hybrid,2200,1.884,Q1 (Neurology; Pharmacology; Psychiatry and Mental Health),132,No
Health,Neurology and Psychiatry,The Clinical Neuropsychologist,https://www.tandfonline.com/journals/ntcn20,For-profit,Taylor & Francis Group,,,UK,Hybrid,3765,0.968,Q1 (Arts and Humanities; Medicine; Neuropsychology and Physiological Psychology),101,No
Health,Neurology and Psychiatry,Clinical Neurophysiology,https://www.sciencedirect.com/journal/clinical-neurophysiology,For-profit Society-run,Elsevier,International Federation of Clinical Neurophysiology; Brazilian Society of Clinical Neurophysiology; Czech Society of Clinical Neurophysiology; International Society of Intraoperative Neurophysiology,Society,Netherlands,Hybrid,2441,1.329,Q1 (Neurology; Physiology; Sensory Systems),230,No
Health,Neurology and Psychiatry,Clinical Neuropharmacology,https://journals.lww.com/clinicalneuropharm/pages/default.aspx,For-profit,Wolters Kluwer (Lippincott),,,Netherlands / USA,,,0.326,Q3 (Neurology; Pharmacology),87,No
Health,Neurology and Psychiatry,The British Journal of Psychiatry,https://www.cambridge.org/core/journals/the-british-journal-of-psychiatry,University Press Society-run,Cambridge University Press (CUP),Royal College of Psychiatrists,,UK,Hybrid,3463,2.471,Q1 (Medicine; Psychiatry and Mental Health),264,No
Health,Neurology and Psychiatry,Brazilian Journal of Psychiatry,https://www.bjp.org.br/,Non-profit,Brazilian Psychiatric Association,Brazilian Psychiatric Association,Society,Brazil,,,,,,No
Health,Neurology and Psychiatry,Brain Tumor Pathology,https://link.springer.com/journal/10014,For-profit Society-run,Springer Nature,The Japan Society of Brain Tumor Pathology,Society,Germany / UK,Hybrid,,0.611,Q2 (Medicine),47,No
Health,Neurology and Psychiatry,Brain Impairment,https://connectsci.au/ib,Non-profit,Commonwealth Scientific and Industrial Research Organisation (CSIRO) Publishing,,,Australia,,,0.353,Q3 (Neurology; Neuropsychology and Physiological Psychology; Speech and Hearing),30,No
Health,Neurology and Psychiatry,Brain Injury,https://www.tandfonline.com/journals/ibij20,For-profit Society-run,Taylor & Francis Group,International Brain Injury Association (IBIA),Society,UK,Hybrid,1744,0.572,Q3 (Developmental and Educational Psychology; Neurology; Neuroscience),122,No
Health,Neurology and Psychiatry,Brain Pathology,https://onlinelibrary.wiley.com/journal/17503639,For-profit Society-run,John Wiley & Sons,International Society of Neuropathology,Society,UK,OA,3258,1.958,Q1 (Neurology; Neuroscience; Pathology and Forensic Medicine),154,No
Health,Neurology and Psychiatry,Borderline Personality Disorder and Emotion Dysregulation,https://bpded.biomedcentral.com/,For-profit,Springer Nature (BioMed Central),National Education Alliance for Personality Disorder,,UK,OA,1822,1.257,Q1 (Clinical Psychology; Psychiatry and Mental Health),37,No
Health,Neurology and Psychiatry,BMJ Mental Health,https://mentalhealth.bmj.com/,Non-profit,BMJ Group,,,UK,OA,3790,3.005,Q1 (Psychiatry and Mental Health),53,No
Health,Neurology and Psychiatry,BMC Psychiatry,https://bmcpsychiatry.biomedcentral.com/,For-profit,Springer Nature (BioMed Central),,,UK,OA,2112,1.375,Q1 (Psychiatry and Mental Health),151,No
Health,Neurology and Psychiatry,BMC Neurology,https://bmcneurol.biomedcentral.com/,For-profit,Springer Nature (BioMed Central),,,UK,OA,1973,0.774,Q2 (Medicine; Neurology),100,No
Health,Neurology and Psychiatry,Autism,https://journals.sagepub.com/home/aut,For-profit Society-run,Sage Publishing,National Autistic Society,Society,USA,Hybrid,567,2.031,Q1 (Developmental and Educational Psychology),132,No
Health,Neurology and Psychiatry,Autism Research,https://onlinelibrary.wiley.com/journal/19393806,For-profit Society-run,John Wiley & Sons,International Society for Autism Research,Society,USA,Hybrid,2651,1.616,Q1 (Genetics; Neurology; Neuroscience),103,No
Health,Neurology and Psychiatry,BJPsych Open,https://www.cambridge.org/core/journals/bjpsych-open,University Press Society-run,Cambridge University Press (CUP),Royal College of Psychiatrists,,UK,OA,,1.302,Q1 (Psychiatry and Mental Health),50,No
Health,Neurology and Psychiatry,Asian Journal of Psychiatry,https://www.sciencedirect.com/journal/asian-journal-of-psychiatry,For-profit,Elsevier,,,Netherlands,Hybrid,2164,1.126,Q1 (Medicine; Psychology),70,No
Health,Neurology and Psychiatry,Aphasiology,https://www.tandfonline.com/journals/paph20,For-profit,Taylor & Francis Group,,,UK,Hybrid,1346,0.809,Q1 (Linguistics and Language; LPN and LVN; Otorhinolaryngology),85,No
Health,Neurology and Psychiatry,Annals of General Psychiatry,https://annals-general-psychiatry.biomedcentral.com/,For-profit Society-Run,Springer Nature (BioMed Central),International Society of Neurobiology and Psychopharmacology http://www.psychiatry.gr/,Society,UK,OA,2037,1.465,Q1 (Psychiatry and Mental Health),62,No
Health,Neurology and Psychiatry,Annals of Clinical and Translational Neurology,https://onlinelibrary.wiley.com/journal/23289503,For-profit Society-run,John Wiley & Sons,American Neurological Association,Society,USA,OA,1953,1.681,Q1 (Neurology; Neuroscience),77,No
Health,Neurology and Psychiatry,Annales Médico-Psychologiques,https://www.em-consulte.com/revue/AMEPSY/presentation/annales-medico-psychologiques,For-profit Society-run,Elsevier,Société médico-psychologique,Society,Netherlands,,,0.23,Q2 (Arts and Humanities),27,No
Health,Neurology and Psychiatry,Amyotrophic Lateral Sclerosis and Frontotemporal Degeneration,https://www.tandfonline.com/journals/iafd20,For-profit Society-run,Taylor & Francis Group,World Federation of Neurology Research Group,,UK,Hybrid,2077,0.957,Q1 (Medicine),89,No
Health,Neurology and Psychiatry,Amyloid,https://www.tandfonline.com/journals/iamy20,For-profit Society-run,Taylor & Francis Group,International Society of Amyloidosis,Society,UK,Hybrid,3493,2.146,Q1,76,No
Health,Neurology and Psychiatry,Alzheimer Disease and Associated Disorders,https://journals.lww.com/alzheimerjournal/pages/default.aspx,For-profit,Wolters Kluwer (Lippincott),,,Netherlands / USA,Hybrid,3122,0.685,Q2 (Clinical Psychology; Geriatrics and Gerontology; Gerontology; Psychiatry and Mental Health),111,No
Health,Neurology and Psychiatry,Alzheimer's and Dementia,https://alz-journals.onlinelibrary.wiley.com/journal/15525279,For-profit Society-run,John Wiley & Sons,Alzheimer's Association,Society,USA,Hybrid,2641,3.6,Q1 (Cellular and Molecular Neuroscience; Developmental Neuroscience; Epidemiology; Geriatrics and Gerontology; Health Policy; Neurology; Psychiatry and Mental Health),178,No
Health,Neurology and Psychiatry,Alzheimer's Reseach and Therapy,https://alzres.biomedcentral.com/,For-profit,Springer Nature (BioMed Central),,,Germany / UK,,,,,,No
Health,Neurology and Psychiatry,AIDS and behavior,https://link.springer.com/journal/10461,For-profit,Springer Nature,,,Germany / UK,Hybrid,3149,1.251,"Q1 (Infectious Diseases; Public Health, Environmental and Occupational Health; Social Psychology)",133,No
Health,Neurology and Psychiatry,American Journal of Psychiatry,https://psychiatryonline.org/journal/ajp,Non-profit,American Psychiatric Association,American Psychiatric Association,Society,,Hybrid,2812,5.27,Q1 (Psychiatry and Mental Health),405,No
Health,Neurology and Psychiatry,Acta Psychiatrica Scandinavica,https://onlinelibrary.wiley.com/journal/16000447,For-profit,John Wiley & Sons,,,USA,Hybrid,2340,2.506,Q1 (Psychiatry and Mental Health),174,No
Health,Neurology and Psychiatry,Acta Neuropathologica Communications,https://actaneurocomms.biomedcentral.com/,For-profit,Springer Nature (BioMed Central),,,UK,OA,2555,2.588,Q1 (Cellular and Molecular Neuroscience; Neurology; Pathology and Forensic Medicine),97,No
Health,Neurology and Psychiatry,Acta Neuropathologica,https://link.springer.com/journal/401,For-profit,Springer Nature,,,Germany / UK,Hybrid,3530,4.483,Q1 (Cellular and Molecular Neuroscience; Neurology; Pathology and Forensic Medicine),227,No
