"Journal","Field","Publisher","Publisher type","Business model","Institution","Institution type","Country","Website","APC Euros","Scimago Rank","PCI partner"
"Annual Review of Cell and Developmental Biology","Molecular & Cellular Biology","Annual Reviews","Non-profit","","","","","https://www.annualreviews.org/journal/cellbio","","6.788",""
"Autophagy","Molecular & Cellular Biology","Taylor & Francis Group","For-profit","","","","","https://www.tandfonline.com/journals/kaup20","","4.447",""
"BMC Molecular and Cell Biology","Molecular & Cellular Biology","Springer Nature","For-profit","OA","","","","https://bmcmolcellbiol.biomedcentral.com/","1890","0.787",""
"BioEssays","Molecular & Cellular Biology","John Wiley & Sons","For-profit","Hybrid","","","","https://onlinelibrary.wiley.com/journal/15211878","4430","1.299",""
"Biochemical Journal","Molecular & Cellular Biology","Portland Press Ltd","Non-profit","","The Biochemical Society","","","https://portlandpress.com/biochemj","","2.064",""
"Biochemistry and Cell Biology","Molecular & Cellular Biology","Canadian Science Publishing","For-profit","","","","","https://www.sciencedirect.com/org/journal/biochemistry-and-cell-biology","","0.61",""
"Biochimica et Biophysica Acta (BBA) ‚Äì Molecular Cell Research","Molecular & Cellular Biology","Elsevier","For-profit","","","","","https://www.sciencedirect.com/journal/biochimica-et-biophysica-acta-bba-molecular-cell-research","","",""
"Cell","Molecular & Cellular Biology","Elsevier","For-profit","Hybrid","","","USA","https://www.cell.com/cell","9030","22.612",""
"Cell Adhesion & Migration","Molecular & Cellular Biology","Taylor & Francis Group","For-profit","OA","","","","https://www.tandfonline.com/journals/kcam20","2875","",""
"Cell Biology International","Molecular & Cellular Biology","John Wiley & Sons","For-profit on behalf of a society","","International Federation for Cell Biology","","","https://onlinelibrary.wiley.com/journal/10958355","","0.917",""
"Cell Communication and Signaling","Molecular & Cellular Biology","Springer Nature","For-profit","OA","","","","https://biosignaling.biomedcentral.com/","2790","2.494",""
"Cell Cycle","Molecular & Cellular Biology","Taylor & Francis Group","For-profit","","","","","https://www.tandfonline.com/journals/kccy20","","0.937",""
"Cell Death & Differentiation","Molecular & Cellular Biology","Springer Nature","For-profit","","","","","https://www.nature.com/cdd/","","",""
"Cell Host & Microbe","Molecular & Cellular Biology","Elsevier","For-profit","","","","USA","https://www.cell.com/cell-host-microbe","","",""
"Cell Metabolism","Molecular & Cellular Biology","Elsevier","For-profit","","","","USA","https://www.cell.com/cell-metabolism","","11.989",""
"Cell Regeneration","Molecular & Cellular Biology","Springer Nature","For-profit on behalf of a society","Hybrid","Chinese Society for Cell Biology","","","https://cellregeneration.springeropen.com/","","1.352",""
"Cell Reports","Molecular & Cellular Biology","Elsevier","For-profit","OA","","","USA","https://www.cell.com/cell-reports","4727","3.796",""
"Cell Reports Medicine","Molecular & Cellular Biology","Elsevier","For-profit","OA","","","USA","https://www.cell.com/cell-reports-medicine","4727","4.028",""
"Cell Reports Methods","Molecular & Cellular Biology","Elsevier","For-profit","","","","USA","https://www.cell.com/cell-reports-methods","","2.257",""
"Cell Stem Cell","Molecular & Cellular Biology","Elsevier","For-profit","","","","USA","https://www.cell.com/cell-stem-cell","","9.313",""
"Cell Systems","Molecular & Cellular Biology","Elsevier","For-profit","","","","USA","https://www.cell.com/cell-systems","","4.943",""
"Cell and Tissue Banking","Molecular & Cellular Biology","Springer Nature","For-profit","","","","","https://link.springer.com/journal/10561","","0.484",""
"Cell and Tissue Research","Molecular & Cellular Biology","Springer Nature","For-profit","","","","","https://link.springer.com/journal/441","","1.179",""
"Cells Tissues Organs","Molecular & Cellular Biology","Karger","For-profit","","","","","https://karger.com/cto","","0.736",""
"Cellular Oncology","Molecular & Cellular Biology","Springer Nature","For-profit","OA","","","","https://link.springer.com/journal/13402","1783","1.573",""
"Cellular and Molecular Life Sciences","Molecular & Cellular Biology","Springer Nature","For-profit","OA","","","","https://link.springer.com/journal/18","3290","2.299",""
"Computational and Structural Biotechnology Journal","Molecular & Cellular Biology","Elsevier","For-profit","OA","","","","https://www.journals.elsevier.com/computational-and-structural-biotechnology-journal","2950","1.561",""
"Current Opinion in Cell Biology","Molecular & Cellular Biology","Elsevier","For-profit","Hybrid","","","Netherlands","https://www.sciencedirect.com/journal/current-opinion-in-cell-biology","3890","2.78",""
"Cytoskeleton","Molecular & Cellular Biology","John Wiley & Sons","For-profit","","","","","https://onlinelibrary.wiley.com/journal/19493592","","0.844",""
"Developmental Cell","Molecular & Cellular Biology","Elsevier","For-profit","","","","USA","https://www.cell.com/developmental-cell","","5.18",""
"EMBO Journal","Molecular & Cellular Biology","Springer Nature","For-profit on behalf of a society","","European Molecular Biology Organization (EMBO) Press","","","https://www.embopress.org/journal/14602075","6490","4.821",""
"EMBO Molecular Medicine","Molecular & Cellular Biology","Springer Nature","For-profit on behalf of a society","OA","European Molecular Biology Organization (EMBO) Press","","","","6490","3.571",""
"EMBO Reports","Molecular & Cellular Biology","Springer Nature","For-profit on behalf of a society","OA","European Molecular Biology Organization (EMBO) Press","","","","6490","2.756",""
"European Journal of Cell Biology","Molecular & Cellular Biology","Elsevier","For-profit","OA","","","","https://www.sciencedirect.com/journal/european-journal-of-cell-biology","2363","1.491",""
"FEBS Journal","Molecular & Cellular Biology","John Wiley & Sons","For-profit on behalf of a society","Hybrid","Federation of the European Biochemical Societies","","UK","https://febs.onlinelibrary.wiley.com/journal/17424658","4160","2.212",""
"FEBS Letters","Molecular & Cellular Biology","John Wiley & Sons","For-profit on behalf of a society","Hybrid","Federation of the European Biochemical Societies","","UK","https://febs.onlinelibrary.wiley.com/journal/18733468","3170","1.222",""
"FEMS Microbes","Molecular & Cellular Biology","Oxford University Press","University Press on behalf of a society","OA","Federation of European Microbiological Societies (FEMS)","","","https://academic.oup.com/femsmicrobes","1931","0.848",""
"FEMS Microbiology Ecology","Molecular & Cellular Biology","Oxford University Press","University Press on behalf of a society","OA","Federation of European Microbiological Societies (FEMS)","","","https://academic.oup.com/femsec","2840","1.129",""
"FEMS Microbiology Letters","Molecular & Cellular Biology","Oxford University Press","University Press on behalf of a society","","Federation of European Microbiological Societies (FEMS)","","","https://academic.oup.com/femsle","","0.596",""
"FEMS Microbiology Reviews","Molecular & Cellular Biology","Oxford University Press","University Press on behalf of a society","OA","Federation of European Microbiological Societies (FEMS)","","","https://academic.oup.com/femsre","2840","3.408",""
"FEMS Yeast Research","Molecular & Cellular Biology","Oxford University Press","University Press on behalf of a society","OA","Federation of European Microbiological Societies (FEMS)","","","https://academic.oup.com/femsyr","2840","0.588","pci friendly"
"Frontiers in Cell and Developmental Biology","Molecular & Cellular Biology","Frontiers Media SA","For-profit","OA","","","","https://www.frontiersin.org/journals/cell-and-developmental-biology","3394","1.608",""
"Frontiers in Cellular Neuroscience","Molecular And Cellular Neuroscience","Frontiers Media SA","For-profit","gold oa","","","Switzerland","https://www.frontiersin.org/journals/cellular-neuroscience","2580","1.488",""
"Frontiers in Cellular and Infection Microbiology","Molecular & Cellular Biology","Frontiers Media SA","For-profit","OA","","","","https://www.frontiersin.org/journals/cellular-and-infection-microbiology","3394","1.393",""
"Frontiers in Molecular Medicine","Molecular & Cellular Biology","Frontiers Media SA","For-profit","OA","","","","https://www.frontiersin.org/journals/molecular-medicine","2101","",""
"Frontiers in Molecular Neuroscience","Molecular And Cellular Neuroscience","Frontiers Media SA","For-profit","gold oa","","","Switzerland","https://www.frontiersin.org/journals/molecular-neuroscience","3394","1.337",""
"Frontiers in Synaptic Neuroscience","Molecular And Cellular Neuroscience","Frontiers Media SA","For-profit","gold oa","","","Switzerland","https://www.frontiersin.org/journals/synaptic-neuroscience","3394","1.543",""
"Genes & Development","Molecular & Cellular Biology","Cold Spring Harbor (CSH) Laboratory Press","Non-profit","","","","","https://genesdev.cshlp.org/","","",""
"Genome Biology","Molecular & Cellular Biology","Springer Nature","For-profit","OA","","","","https://genomebiology.biomedcentral.com/","4290","5.71",""
"Histochemistry and Cell Biology","Molecular & Cellular Biology","Springer Nature","For-profit","","","","","https://link.springer.com/journal/418","","0.751",""
"Journal of Biological Chemistry","Molecular & Cellular Biology","Elsevier","For-profit","OA","","","","https://www.jbc.org/","2424","1.705",""
"Journal of Cell Biology","Molecular & Cellular Biology","Rockefeller University Press","University Press","","","","","https://rupress.org/jcb","","3.359",""
"Journal of Cell Science","Molecular & Cellular Biology","Company of Biologists Ltd","Non-profit","","","","","https://journals.biologists.com/jcs","","1.479",""
"Journal of Cellular Biochemistry","Molecular & Cellular Biology","John Wiley & Sons","For-profit","","","","","https://onlinelibrary.wiley.com/journal/10974644","","0.782",""
"Journal of Cellular Physiology","Molecular & Cellular Biology","John Wiley & Sons","For-profit","","","","","https://onlinelibrary.wiley.com/journal/10974652","","1.377",""
"Journal of Cellular and Molecular Medicine","Molecular & Cellular Biology","John Wiley & Sons","For-profit","OA","","","","https://onlinelibrary.wiley.com/journal/15824934","4390","1.264",""
"Journal of Molecular Biology","Molecular & Cellular Biology","Elsevier","For-profit","","","","","https://www.sciencedirect.com/journal/journal-of-molecular-biology","","2.215",""
"Journal of Molecular Cell Biology","Molecular & Cellular Biology","Oxford University Press","University Press","OA","","","","https://academic.oup.com/jmcb","2363","1.3",""
"Journal of Molecular Histology","Molecular & Cellular Biology","Springer Nature","For-profit","","","","","https://link.springer.com/journal/10735","","0.657",""
"Journal of Molecular Medicine","Molecular & Cellular Biology","Springer Nature","For-profit","","","","","https://link.springer.com/journal/109","","1.473",""
"Journal of Structural Biology","Molecular & Cellular Biology","Elsevier","For-profit","","","","","https://www.sciencedirect.com/journal/journal-of-structural-biology","","1.822",""
"Molecular & Cellular Proteomics","Molecular & Cellular Biology","Elsevier","For-profit","OA","","","","https://www.mcponline.org/","2424","",""
"Molecular Biology of the Cell","Molecular & Cellular Biology","American Society for Cell Biology","Non-profit","","","","","https://www.molbiolcell.org/","","1.291",""
"Molecular Cancer","Molecular & Cellular Biology","Springer Nature","For-profit","OA","","","","https://molecular-cancer.biomedcentral.com/","3990","9.263",""
"Molecular Cancer Research","Molecular & Cellular Biology","American Association for Cancer Research","Non-profit","","","","","https://aacrjournals.org/mcr","","1.748",""
"Molecular Cell","Molecular & Cellular Biology","Elsevier","For-profit","","","","USA","https://www.cell.com/molecular-cell","","9.051",""
"Molecular Human Reproduction","Molecular & Cellular Biology","Oxford University Press","University Press","","","","","https://academic.oup.com/molehr","","1.203",""
"Molecular Imaging and Biology","Molecular & Cellular Biology","Springer Nature","For-profit on behalf of a society","Hybrid","the World Molecular Imaging Society (WMIS), the European Society for Molecular Imaging (ESMI), the Federation of Asian Societies for Molecular Imaging (FASMI)","","","https://link.springer.com/journal/11307","","0.642",""
"Molecular Neurobiology","Molecular & Cellular Biology","Springer Nature","For-profit","","","","","https://link.springer.com/journal/12035","","1.397",""
"Molecular Pain","Molecular & Cellular Biology","Sage Publishing","For-profit","OA","","","","https://journals.sagepub.com/overview-metric/MPX?","2294","0.852",""
"Molecular Plant","Molecular & Cellular Biology","Elsevier","For-profit","","","","USA","https://www.cell.com/molecular-plant","","5.519",""
"Molecular Plant Pathology","Molecular & Cellular Biology","John Wiley & Sons","For-profit","OA","","","","https://bsppjournals.onlinelibrary.wiley.com/journal/13643703","2780","1.567",""
"Molecular Psychiatry","Molecular & Cellular Biology","Springer Nature","For-profit","Hybrid","","","Germany","https://www.nature.com/mp/","4390","4.022",""
"Molecular Reproduction and Development","Development","John Wiley & Sons","For-profit","","","","","https://onlinelibrary.wiley.com/journal/10982795","","0.811",""
"Molecular Systems Biology","Molecular & Cellular Biology","Springer Nature","For-profit on behalf of a society","OA","European Molecular Biology Organization (EMBO) Press","","","https://www.embopress.org/journal/17444292","6490","4.783",""
"Molecular Therapy","Molecular & Cellular Biology","Elsevier","For-profit","","","","USA","https://www.cell.com/molecular-therapy-family/molecular-therapy/home","","4.008",""
"Molecular Therapy ‚Äì Methods & Clinical Development","Molecular & Cellular Biology","Elsevier","For-profit","","","","USA","https://www.cell.com/molecular-therapy-family/methods/home","","",""
"Molecular Therapy ‚Äì Nucleic Acids","Molecular & Cellular Biology","Elsevier","For-profit","","","","USA","https://www.cell.com/molecular-therapy-family/nucleic-acids/home","","",""
"Molecular and Cellular Biology","Molecular & Cellular Biology","Taylor & Francis Group","For-profit","","","","","https://www.tandfonline.com/journals/tmcb20","","0.988",""
"Nature Biotechnology","Molecular & Cellular Biology","Springer Nature","For-profit","","","","","https://www.nature.com/nbt/","","19.006",""
"Nature Cell Biology","Molecular & Cellular Biology","Springer Nature","For-profit","Hybrid","","","Germany","https://www.nature.com/ncb/","10690","7.711",""
"Nature Microbiology","Molecular & Cellular Biology","Springer Nature","For-profit","","","","","https://www.nature.com/nmicrobiol/","","6.893",""
"Nature Reviews Molecular Cell Biology","Molecular & Cellular Biology","Springer Nature","For-profit","","","","","https://www.nature.com/nrm/","","37.353",""
"Nature Structural & Molecular Biology","Molecular & Cellular Biology","Springer Nature","For-profit","Hybrid","","","Germany","https://www.nature.com/nsmb/","10690","",""
"Neuron Glia Biology","Molecular And Cellular Neuroscience","Cambridge University Press","University Press","","","","UK","https://www.cambridge.org/core/journals/neuron-glia-biology","","",""
"Neuropsychopharmacology","Molecular & Cellular Biology","Springer Nature","For-profit","Hybrid","","","Germany","https://www.nature.com/npp","","2.944",""
"Plant Cell","Molecular & Cellular Biology","Oxford University Press","University Press","","","","","https://academic.oup.com/plcell","","3.704",""
"Plant Molecular Biology","Molecular & Cellular Biology","Springer Nature","For-profit","","","","","https://link.springer.com/journal/11103","","1.192",""
"Plant Molecular Biology Reporter","Plant Biology","Springer Nature","For-profit","","","","","https://link.springer.com/journal/11105","","0.434",""
"Plant Physiology and Biochemistry","Plant Biology","Elsevier","For-profit","","","","","https://www.journals.elsevier.com/plant-physiology-and-biochemistry","","1.322",""
"Plant and Cell Physiology","Molecular & Cellular Biology","Oxford University Press","University Press","","","","","https://academic.oup.com/pcp","","1.391",""
"Progress in Biophysics and Molecular Biology","Molecular & Cellular Biology","Elsevier","For-profit","","","","","https://www.sciencedirect.com/journal/progress-in-biophysics-and-molecular-biology","","1.141",""
"Proteins: Structure, Function, and Bioinformatics","Molecular & Cellular Biology","John Wiley & Sons","For-profit","","","","","https://onlinelibrary.wiley.com/journal/10970134","","",""
"RNA Biology","Molecular & Cellular Biology","Taylor & Francis Group","For-profit","OA","","","","https://www.tandfonline.com/journals/krnb20","3505","1.651",""
"Regenerative Medicine","Molecular & Cellular Biology","Taylor & Francis Group","For-profit","Hybrid","","","","https://www.tandfonline.com/journals/irme20","","0.509",""
"Regenerative Therapy","Molecular & Cellular Biology","Elsevier","For-profit on behalf of a society","OA","Japanese Society for Regenerative Medicine","","","https://www.journals.elsevier.com/regenerative-therapy","952","0.881",""
"Seminars in Cell & Developmental Biology","Molecular & Cellular Biology","Elsevier","For-profit","","","","","https://www.sciencedirect.com/journal/seminars-in-cell-and-developmental-biology","","",""
"Small GTPases","Molecular & Cellular Biology","Landes Bioscience","For-profit","","","","","https://www.tandfonline.com/journals/ksgt20","","0.755",""
"Stem Cell Reports","Molecular & Cellular Biology","Elsevier (Cell Press)","For-profit on behalf of a society","OA","International Society for Stem Cell Research","","","https://www.cell.com/stem-cell-reports","3290","2.314",""
"Stem Cells","Molecular & Cellular Biology","Oxford University Press","University Press","","","","","https://academic.oup.com/stmcls","","1.287",""
"Stem Cells and Development","Molecular & Cellular Biology","Sage Publishing","For-profit on behalf of a society","","the International Federation of Adipose Therapeutics and Science (IFATS)","","","https://journals.sagepub.com/home/stca","","0.723",""
"The International Journal of Neuropsychopharmacology","Molecular & Cellular Biology","Oxford University Press","University Press","gold oa","","","UK","https://academic.oup.com/ijnp/issue","2105","",""
"Trends in Cell Biology","Molecular & Cellular Biology","Elsevier","For-profit","","","","USA","https://www.cell.com/trends/cell-biology","","5.455",""
"Trends in Microbiology","Molecular & Cellular Biology","Elsevier","For-profit","","","","","https://www.sciencedirect.com/journal/trends-in-microbiology","","3.152",""
"Trends in Molecular Medicine","Molecular & Cellular Biology","Elsevier","For-profit","","","","USA","https://www.cell.com/trends/molecular-medicine/home","","3.577",""
"microLife","Molecular & Cellular Biology","Oxford University Press","University Press on behalf of a society","gold oa","Federation of European Microbiological Societies (FEMS)","","","https://academic.oup.com/microlife","2840","1.407",""
